ONS ID,constituency_name,under_30,over_65
S14000052,Paisley and Renfrewshire North,34.81178543992047,16.79583352162321
E14000768,Kensington,37.45275533448796,11.10921516265816
E14001046,Witney,33.90564903272602,18.38345469989216
E14000615,Camberwell and Peckham,44.40771085876735,7.785124494913196
S14000046,Moray,34.32659842435286,18.45972452971757
E14000921,"Sheffield, Brightside and Hillsborough",43.02261548082398,13.99117034879922
E14000749,Hitchin and Harpenden,34.9975403335107,16.38439065527523
E14000547,Bath,42.87466660664649,15.91847758808899
S14000034,Glasgow South,36.51595865774257,14.46296043345627
E14001011,Walsall North,40.36515477534673,15.5307952875008
E14000904,Rotherham,39.00687871389233,15.70286631659922
W07000079,Cardiff West,39.4443406901249,14.30125127709361
E14000553,Bermondsey and Old Southwark,47.23684418520099,6.930810451937212
E14000644,Colchester,42.16646717613479,13.29067305036369
E14000865,Nottingham East,48.75329802018086,9.500312179009487
W07000044,Wrexham,36.87536223689233,17.22763319715582
E14000708,Garston and Halewood,36.19660787946405,17.60443002343982
W07000052,Rhondda,36.51690238013108,18.74784408416695
E14000808,"Manchester, Gorton",53.55492005251894,8.242054713214266
E14000554,Berwick-upon-Tweed,29.59137853614728,22.13344251036742
S14000023,Edinburgh North and Leith,39.26805609184144,11.74858499006432
S14000054,Perth and North Perthshire,32.80254124397991,20.01741981760426
E14000807,Manchester Central,56.35990054047615,7.60984470616262
E14000574,Blaydon,32.59591531586639,19.81287026653527
N06000002,Belfast North,38.612,16.0
N06000014,South Antrim,39.364,13.5
E14001048,Wokingham,35.99699349249362,14.10289376347489
E14000707,Gainsborough,31.32066420261887,20.99674004295729
E14000782,Leicester East,42.64190932546995,12.91190563951345
E14000583,Bosworth,32.78423312508903,18.36043222563644
E14000556,Beverley and Holderness,30.41765248426034,20.98187432329471
E14000894,Ribble Valley,33.25630100382755,19.0304243312115
E14000688,Ellesmere Port and Neston,33.98225812018915,18.58180019099559
E14000949,South West Bedfordshire,36.5457557016985,15.58447922690163
E14000550,Beaconsfield,32.73566965498506,19.65347580669504
E14001021,Watford,39.23356864120665,13.30644100495462
S14000002,Aberdeen South,37.61172569932509,15.04447568054766
E14000819,Middlesbrough,44.23693602514249,13.93703723432589
E14000957,Southend West,33.64835065928626,19.08554970523379
E14000662,Derby North,41.74815346431028,15.07829710036582
E14001055,Worthing West,29.4423799670622,26.45897555001901
W07000042,Delyn,33.8023742517964,18.78687447322181
E14000873,Oxford East,51.47922621266724,10.39973489084959
E14000584,Bournemouth East,36.42611011042368,17.08923956457044
E14000642,Clacton,28.80539837626964,30.20771096193723
E14000924,Sherwood,33.9210274917737,18.50015921876658
E14000973,Stoke-on-Trent North,38.4624928914853,16.31701390683968
E14000630,Cheltenham,39.12193540389255,16.2958795426588
E14000825,Morecambe and Lunesdale,33.06000022809439,21.39069146812951
E14000606,Broxbourne,36.73853628909809,16.74967101933394
E14000827,New Forest East,31.89742923353475,21.0187772074589
E14000881,Poole,32.87940194452027,21.03273765775603
E14000638,Christchurch,25.88520981865161,32.1713957605627
E14001025,Wellingborough,36.25222543543176,16.14747689786076
E14001010,Wallasey,36.68552390322436,16.91561200304101
S14000043,Linlithgow and East Falkirk,35.88841484595584,15.67429390859779
E14000932,Somerton and Frome,31.6575126170895,21.04753325002664
E14000930,Slough,45.28974695631415,9.233259727858677
E14000925,Shipley,33.65974615449273,17.71560057157266
E14000991,The Cotswolds,29.95701348023872,22.40828846876174
E14000633,Chichester,31.19646655297296,24.47831835514592
S14000025,Edinburgh South West,41.02845741464792,13.46991011326535
E14001060,Yeovil,34.01852354775573,20.78701665995523
E14000918,Sevenoaks,33.80462587363937,18.4960023974912
S14000018,East Dunbartonshire,31.94178895451501,20.5053887840224
E14000585,Bournemouth West,39.82903564788619,18.29581278797187
E14000577,Bolsover,34.19177966191398,18.51851851851852
E14000884,Portsmouth South,49.22745305720471,12.03370776077524
E14000883,Portsmouth North,39.24044136515268,14.84218629715166
E14000667,Don Valley,35.41985972533774,18.19307558794572
E14000544,Basildon and Billericay,36.97191343227001,16.76051155685886
E14000903,Rother Valley,34.13136309825808,18.82927447995941
E14000866,Nottingham North,43.15919501775696,13.50352565752226
E14000539,Banbury,37.66874703208737,14.46730208262669
E14000637,Chorley,34.69430750431889,16.73829688619222
E14000656,Croydon South,36.82444130730097,15.32553782773531
E14000793,"Liverpool, Riverside",52.19021928297946,10.25408980160111
W07000068,Brecon and Radnorshire,30.15159616746391,24.01260170238594
E14000565,"Birmingham, Northfield",40.16288379247106,15.13971327719824
E14000596,Brigg and Goole,32.74975203561461,19.0874910617489
E14000690,Eltham,39.04232444657361,14.29048897603583
E14000712,Gloucester,39.66172117407896,14.44862512928421
S14000006,"Ayr, Carrick and Cumnock",32.42380074591675,20.55450765207699
E14000836,"Normanton, Pontefract and Castleford",36.44759550352162,16.66868790521946
E14000570,Blackburn,44.92754974544506,12.37248941685471
E14000857,North West Hampshire,33.83043194106114,17.23704275840215
E14000668,Doncaster Central,38.26869938065745,15.79132920438304
E14000895,Richmond (Yorks),34.55606191927382,19.80783030913039
W07000056,Newport West,37.50073184154752,16.98106579548249
S14000058,West Aberdeenshire and Kincardine,33.71606149820085,15.49776469305419
E14000560,"Birmingham, Edgbaston",44.11192113329468,13.80374451163947
S14000038,Inverclyde,33.79026814751181,18.13339878505246
W07000073,Bridgend,34.53983198327344,18.65461420004257
E14000763,Islington North,43.63045936464061,8.59484483275184
E14000760,Ilford South,48.01923150303355,9.334147365207768
E14000692,"Enfield, Southgate",38.1514883826037,15.0605008525587
E14000974,Stoke-on-Trent South,37.21060096717631,16.4833201174907
E14000975,Stone,29.87572552789944,21.27146909755605
E14000821,Milton Keynes North,40.27980755020608,11.22596430154846
E14000944,South Shields,35.29661943762607,18.3245437091404
E14000619,Canterbury,43.51299414348463,17.64275256222547
S14000049,North East Fife,35.99732029873707,20.27640622286182
E14000844,North East Hampshire,33.63340236655601,16.59190958382333
E14000850,North Somerset,30.82175054437413,21.3954292924154
S14000027,Na h-Eileanan an Iar,30.22684583152724,21.56119057939604
W07000070,Cynon Valley,37.37382526975287,17.37730595196659
S14000035,Glasgow South West,38.36078067135831,15.01089558103812
E14000551,Beckenham,33.90146073484961,17.91152842744021
N06000009,Lagan Valley,37.275,15.8
E14000579,Bolton South East,42.24399736601571,13.80876094626869
E14000997,Tonbridge and Malling,35.00884061631724,17.3700429401364
W07000061,Dwyfor Meirionnydd,30.0973882970914,25.27528099052218
E14000722,Halesowen and Rowley Regis,36.19372645128781,18.57213206747672
E14000876,Penistone and Stocksbridge,30.90884076082595,20.00894280047236
E14000965,Stafford,35.03963046559235,18.29300299196893
E14000967,Stalybridge and Hyde,37.17898408545891,15.05886200130804
E14000609,Burnley,37.81228821833469,16.23496709128293
S14000017,Dunfermline and West Fife,34.84000895054822,15.17931609674729
E14000543,Barrow and Furness,32.99371805552428,19.71269673293855
E14000617,Cambridge,47.58497472546627,11.48509674045668
E14000879,"Plymouth, Moor View",37.35359671357399,17.82623896512543
E14000829,Newark,32.48531894033577,19.30117145254051
E14000649,Coventry North East,44.13225832722535,13.05480902353612
E14000840,North Durham,34.02161527571562,18.16465821852376
E14000538,Aylesbury,37.4813703981412,14.18349116424598
E14000599,Bristol East,39.30353997147891,14.95050750775942
E14000683,East Yorkshire,29.39617641491576,23.48047859569423
E14000787,Lewisham East,40.97998160577657,11.24689352875565
E14000729,Harlow,37.8568405976368,15.55938934279483
E14000569,Bishop Auckland,33.20748654510403,19.07324742090587
E14000964,St Ives,30.04102648500594,23.02890662654143
W07000043,Alyn and Deeside,36.44748803102842,16.5868735228168
E14000833,Newcastle upon Tyne North,35.67963034270312,18.05159799768964
E14000734,Harwich and North Essex,32.71470878578479,21.07381814193266
E14000677,Easington,36.13309330788097,17.68053256654061
E14000867,Nottingham South,53.06546556443566,11.90116539873481
E14000558,Bexleyheath and Crayford,38.18299790547309,15.95027775248156
E14000710,Gedling,34.47418758713108,17.61857931764884
E14000733,Hartlepool,37.37775459642717,16.94918937714608
E14000831,Newcastle upon Tyne Central,46.56697939013587,12.1887440897399
E14000588,Bradford South,41.99812890836575,12.95780195972229
E14000920,Sheffield South East,36.67319572095826,17.46486149077681
W07000041,Ynys Môn,32.12140327737237,22.43121962409141
E14001030,West Bromwich West,41.21142907828941,14.32515439456265
E14000685,Eastleigh,36.06969729094186,15.64526854466428
E14000781,Leeds West,43.16315755446846,12.96791155744241
E14001049,Wolverhampton North East,40.71582316282948,15.43662733696203
S14000037,Gordon,33.49919903884661,15.38045654785743
E14000655,Croydon North,43.92255446767222,9.732880538649262
E14000956,"Southampton, Test",46.42536926053513,11.68703694964844
E14000669,Doncaster North,37.63532158777329,16.82384692361343
E14000812,Meriden,36.05607424645596,17.6817452738348
E14000647,Copeland,32.00603280958327,19.64371808977513
E14000598,"Brighton, Pavilion",44.82059598621529,10.3192300638074
W07000047,Swansea West,42.98358704814797,17.24227698715724
E14000977,Stratford-on-Avon,29.71070177421178,22.81387727426828
E14000981,Suffolk Coastal,29.18515673173148,25.28227885208285
W07000077,Islwyn,36.16194568215574,17.25015913430936
E14000652,Crawley,40.22627278441232,12.63450190905935
N06000012,North Antrim,37.47,16.2
E14000704,Folkestone and Hythe,33.41948046200823,20.76824357215559
S14000056,Rutherglen and Hamilton West,35.0594359412633,15.16102089969699
E14000674,Ealing Central and Acton,40.44666259137993,10.59379160770062
E14001023,Wealden,32.40638440595036,20.90715384918913
E14000996,Tiverton and Honiton,30.30665440049065,24.70918941020137
E14001022,Waveney,32.86394597654039,22.86921560590979
E14000896,Richmond Park,36.30676274754806,13.31667322800952
W07000045,Llanelli,35.48279894147332,19.40673272201366
E14000912,Salisbury,33.39963715053881,19.9042602024088
E14000660,Daventry,33.01651571656899,17.48108684070325
E14000691,Enfield North,42.63437260438803,12.12579934596761
E14000640,City of Chester,36.85359427926232,17.8848325178773
E14000777,Leeds Central,54.35101635346975,9.043702070335724
E14000604,Bromley and Chislehurst,36.18855279636253,16.54462784741575
E14000933,South Basildon and East Thurrock,37.55960613504531,15.03416386268398
E14000985,Sutton Coldfield,32.74206945860978,20.03953441912793
S14000053,Paisley and Renfrewshire South,35.08658209093435,16.9136031113992
S14000011,"Coatbridge, Chryston and Bellshill",36.88435874533705,14.37293122471497
E14000992,The Wrekin,37.37899322362053,16.68023409310921
E14000732,Harrow West,41.3027408438535,11.95315125042
E14000742,Henley,32.261890156627,19.70923813029076
E14000629,Chelsea and Fulham,39.45239694598711,11.56891870157147
E14000909,Rutland and Melton,32.82305847848919,19.76200384440084
E14000814,Mid Derbyshire,31.91021649754034,20.19059388293448
S14000031,Glasgow North,46.48361159193702,11.10614774694288
N06000006,East Londonderry,39.123,15.0
E14000686,Eddisbury,32.18852545163664,19.78676444828513
E14000676,"Ealing, Southall",43.33643132168353,10.35204722559824
E14000573,Blackpool South,35.74803730957596,18.07767085866168
E14000715,Gravesham,38.62957137239481,16.01454974439638
E14000747,Heywood and Middleton,37.11956417117447,16.00573661616648
E14000966,Staffordshire Moorlands,30.31745417489003,21.18597061517227
E14000575,Blyth Valley,34.54133910969406,17.12098717355855
E14000632,Chesterfield,33.71546842827728,18.74142072752231
E14000754,Houghton and Sunderland South,34.2107077998207,18.44095538033609
E14000980,Stroud,32.31345676043921,19.02400416766852
E14000769,Kettering,36.14656325220648,16.04065258090398
E14000709,Gateshead,38.66738619770173,15.53552155418704
E14000817,Mid Sussex,34.2103024172583,17.66290732740284
N06000005,East Antrim,37.592,15.8
E14000960,St Albans,36.5061486950022,14.64218793197014
E14000839,North Dorset,32.23695881291022,21.73305089167388
E14000750,Holborn and St Pancras,45.47116674776249,10.31538903879329
E14000954,South West Wiltshire,34.27162670548317,19.43968919459166
S14000029,Glasgow Central,48.34588031603055,10.17894517680835
E14000721,Hackney South and Shoreditch,47.15394894869496,7.28555237918027
E14000661,Denton and Reddish,36.80445521483829,16.26083511976885
E14000592,Brent North,43.03648703340494,11.99293297219887
E14000726,Hammersmith,43.42332284583375,8.693629689772997
E14000675,Ealing North,42.39206717471536,11.09670814171421
E14001012,Walsall South,43.10203003930091,14.82060708228819
E14000983,Surrey Heath,34.13144739831856,16.65151859425888
E14000989,Telford,40.06684447592382,13.26043891587999
E14000979,Stretford and Urmston,38.23329856504876,14.77888383679835
E14000651,Coventry South,46.49213370336342,14.6452352311583
E14000826,Morley and Outwood,34.96004891546537,15.34619091540319
E14000756,Huddersfield,41.52220449966421,14.96075386165212
S14000015,Dundee East,35.49809125613525,18.40347209598255
S14000036,Glenrothes,35.04786430050943,17.0374517158372
E14000587,Bradford East,48.32542611140397,10.34088912317695
E14000625,Charnwood,33.38434584371174,19.32494617300629
E14000796,"Liverpool, West Derby",38.97853916078509,14.95631620221567
E14000635,Chippenham,34.61634280019931,17.86767148314233
E14000801,Luton South,47.45144309312035,10.40206934107823
E14001001,Totnes,28.24551021147598,26.33365137260112
E14000600,Bristol North West,39.73256356079319,16.82488666686506
W07000057,Arfon,42.42154095058854,15.92458686213329
E14000654,Croydon Central,41.68780785493221,12.09450329105096
E14000641,City of Durham,40.56900662251655,16.32635761589404
E14000978,Streatham,44.06411348504077,7.925525441997113
E14000572,Blackpool North and Cleveleys,32.37999304481299,22.16306316029308
S14000040,Kilmarnock and Loudoun,34.60902799297593,17.14492304513997
E14000795,"Liverpool, Wavertree",41.97986907246916,13.79329187659151
E14001039,Wigan,36.3886216847602,16.77889240071458
E14000919,Sheffield Central,58.16852295201416,8.761840324763194
E14000986,Tamworth,36.78540709505528,15.92191662995364
E14000864,Norwich South,43.10644460535843,15.53429192096824
E14001013,Walthamstow,45.24235370248869,8.168034297115842
E14000927,Sittingbourne and Sheppey,37.62175662550298,16.1204384626058
W07000075,Pontypridd,37.64993971335878,16.16427798978235
E14000785,Leigh,36.36902045690651,15.59559987184093
E14000934,South Cambridgeshire,34.67447430491681,16.77306546941452
E14000719,Guildford,39.95854117958863,15.66916239931091
E14001043,Wirral South,31.51205885606815,22.14570195818122
E14000567,"Birmingham, Selly Oak",46.01843043423948,13.74499120758742
E14001005,Twickenham,35.9494483164293,13.1967344610613
E14000976,Stourbridge,34.97400693148494,18.19403714565005
E14001050,Wolverhampton South East,40.08868525806049,15.94860337729794
E14001035,West Worcestershire,29.30677082196862,24.37648650417857
E14000770,Kingston and Surbiton,39.98830528296131,12.95486517177675
E14000744,Hertford and Stortford,35.64862104187947,14.83820786985409
E14000790,Leyton and Wanstead,44.86144572531027,9.435320541739056
E14000939,South Holland and The Deepings,31.6939675539455,21.64218774610175
W07000076,Caerphilly,37.48103012186709,15.81972867325822
E14000736,Havant,34.43265306122449,20.86204081632653
E14000931,Solihull,33.31714178734428,20.7707175890788
E14000889,Reading East,44.02356747614758,11.69090207180543
E14001002,Tottenham,46.68090407545827,8.14936898875709
E14000999,Torbay,32.02652061112713,22.50648601902566
E14000546,Bassetlaw,33.86636868064119,18.51302404438964
E14001015,Wantage,35.28788148870896,16.80379776524782
E14000947,South Swindon,37.99781966037773,13.43560632102064
E14001014,Wansbeck,33.52625152625153,19.17948717948718
E14000915,Sedgefield,33.80142687277051,18.40071343638526
E14000780,Leeds North West,47.45834860649632,14.93301486325099
E14000765,Jarrow,34.63007446552967,17.82969012731204
E14000843,North East Derbyshire,31.36131756013897,20.91340868112054
W07000054,Monmouth,30.93523461478748,22.20032723060203
E14000958,Southport,31.7445038227061,23.16969274515661
E14000784,Leicester West,46.82354555433589,10.61235690763682
E14000914,Scunthorpe,38.0854528100612,16.7637976531357
E14000687,Edmonton,46.2827617594303,10.41861876333003
E14001059,Wythenshawe and Sale East,39.55879284508431,13.73603444678389
E14000803,Maidenhead,34.07585732534145,17.32141102485998
E14000773,Kingston upon Hull West and Hessle,38.02565677565677,15.66693441693442
E14000877,Penrith and The Border,29.80459208597949,21.69027845627748
E14001053,Workington,32.08784758112885,20.20596454959611
E14001057,Wyre and Preston North,30.3332429010671,22.82058238379454
E14001008,Vauxhall,46.50583602992116,7.274210097077162
E14000806,Maldon,32.12946383323761,18.99050643602824
E14000800,Luton North,42.87345750755455,13.82558339312966
E14001016,Warley,42.89432869491654,14.09963015585514
E14001058,Wyre Forest,32.24291911201837,20.88594029089053
E14000597,"Brighton, Kemptown",39.24776393242107,16.70689222099665
E14001062,York Outer,33.25684156598216,20.99325449344661
E14000982,Sunderland Central,37.40101116283726,17.19877859538469
E14000854,North Warwickshire,33.95383966057268,18.13426039051914
E14000858,North West Leicestershire,33.83938888175632,17.36637137843968
E14000916,Sefton Central,29.719868173258,24.13841807909604
E14000755,Hove,35.47762974547132,14.60607701021523
E14000659,Dartford,38.37209302325581,15.04941860465116
E14000670,Dover,34.14874001229256,19.81151403400943
E14000717,Great Yarmouth,34.90650410682895,20.94122968430359
E14000718,Greenwich and Woolwich,45.03054302660085,8.360265653301132
E14000882,Poplar and Limehouse,51.24237834479009,5.475164084042099
E14000639,Cities of London and Westminster,37.6809090909091,11.94181818181818
E14000636,Chipping Barnet,37.26791280040725,14.83125396300894
E14000682,East Worthing and Shoreham,33.03132550195784,20.27618095476131
E14000970,Stockton North,38.58833244597047,16.08988080362478
E14000731,Harrow East,40.21935023756517,14.7714459189869
E14000576,Bognor Regis and Littlehampton,31.98216045431918,23.92693507258744
E14000591,Brent Central,45.52379982246541,9.388233239715364
E14000772,Kingston upon Hull North,46.62335333762248,11.64924641135709
E14000735,Hastings and Rye,34.61253519039857,18.95836420210401
E14000911,Salford and Eccles,42.99651760543917,13.36852578630258
E14000762,Isle of Wight,30.8176328065671,23.83394206776842
E14000650,Coventry North West,40.20243476881592,16.21956538980093
E14000665,Devizes,38.13847549161066,16.19326380014017
E14000580,Bolton West,35.01581625636089,16.61394581213038
E14000952,South West Norfolk,34.12098572380042,20.90560719698067
E14000621,Carshalton and Wallington,38.90497471727408,13.10820167432492
E14000741,Hendon,44.40208392229717,11.60050078752877
E14000671,Dudley North,37.56063926715753,18.38754955797976
E14000815,Mid Dorset and North Poole,31.61536271706708,21.6120208433899
E14000923,"Sheffield, Heeley",36.44212868850705,17.80112554297819
E14000993,Thirsk and Malton,29.88375331359787,23.37517663926394
E14000693,Epping Forest,34.50002103403307,17.43090320137983
S14000057,Stirling,37.11480714040356,17.21165246490188
E14000705,Forest of Dean,31.83005094757854,20.76432973179988
E14000922,"Sheffield, Hallam",37.26890192040825,18.86722771834012
E14000764,Islington South and Finsbury,45.63103958852868,8.90644482543641
E14000724,Haltemprice and Howden,30.80468599961591,21.19657926546843
W07000080,Cardiff South and Penarth,41.85845237541297,13.56381741193988
S14000009,"Caithness, Sutherland and Easter Ross",32.19399315431712,20.16905301386813
E14000658,Darlington,36.81153395976678,17.18279969808679
W07000053,Torfaen,37.27622429353455,16.96873304729496
E14000972,Stoke-on-Trent Central,42.28556988833269,14.45778783211398
E14000697,Esher and Walton,34.42341896327264,16.41179382804335
E14000891,Redcar,35.74075352712376,19.12932403507561
E14000874,Oxford West and Abingdon,37.80346275416332,16.67877529839128
S14000020,East Lothian,34.01125184271488,17.81341195583501
E14000861,Northampton North,39.97122702803044,15.16846111007982
S14000030,Glasgow East,37.24628727031418,15.54541086016338
E14000533,Amber Valley,33.42739779024384,18.14002708146058
S14000019,"East Kilbride, Strathaven and Lesmahagow",34.49844242961075,17.08749266001174
E14000746,Hexham,29.71299648460045,21.9948580723018
S14000059,West Dunbartonshire,35.56547619047619,16.44179894179894
E14000898,Rochester and Strood,38.99459490267975,14.60041226928594
E14000684,Eastbourne,33.45655673267697,23.16007187511699
S14000007,Banff and Buchan,33.97098275390091,17.73446482343279
E14001034,West Suffolk,37.67395100269856,16.87655431504312
E14000823,Mitcham and Morden,42.24670371159171,10.88791651338845
E14000846,North East Somerset,33.07364870291543,20.27605355852083
W07000066,Carmarthen West and South Pembrokeshire,33.36393493496082,21.89092037549458
E14000568,"Birmingham, Yardley",43.50465626112537,13.90694972736982
E14000893,Reigate,35.23449664296411,16.38451697360983
E14000727,Hampstead and Kilburn,39.19562424512843,11.03862634530614
S14000013,Dumfries and Galloway,31.4411110195335,21.79901920382428
E14000987,Tatton,30.76749676699847,20.5001957597257
E14000563,"Birmingham, Hodge Hill",51.95105113496277,10.48751623136475
S14000033,Glasgow North West,38.21522554202277,14.96937658647912
E14000887,Putney,42.34549659514326,10.08394363784316
E14000892,Redditch,37.00725938646475,14.74402578141552
E14000959,Spelthorne,34.38565660369463,17.44806376702441
E14000774,Kingswood,36.06262186030508,17.12237641931414
N06000008,Foyle,41.859,11.9
S14000039,"Inverness, Nairn, Badenoch and Strathspey",34.51381258829069,16.89785747920264
E14001029,West Bromwich East,39.68874247415654,16.48869703510167
E14000951,South West Hertfordshire,34.38547512558281,17.05457273357453
E14000725,Halton,37.65987683562292,15.65450813200695
W07000064,Ceredigion,38.06143146913938,20.68570374858407
E14000745,Hertsmere,36.96154192200418,16.32293988863452
W07000074,Ogmore,36.18373518156761,16.05207524953839
E14000689,Elmet and Rothwell,31.7657569035263,20.55750178171708
E14000612,Bury South,37.58304204738251,15.65074303468858
E14000605,Bromsgrove,31.9852195179256,20.43529801253778
W07000072,Blaenau Gwent,36.08302059758788,17.87177356977111
E14000797,Loughborough,42.97871482299323,14.83811770874295
E14000871,Oldham West and Royton,42.89681920948001,13.97150541825836
E14000748,High Peak,33.88196981032434,17.2391409585002
N06000016,Strangford,36.013,16.4
W07000058,Aberconwy,30.56279358326686,24.22228130816272
E14000555,Bethnal Green and Bow,53.5368684733269,6.797712024634825
E14001052,Worcester,38.92758788271505,14.79122792807387
E14000905,Rugby,35.75179442562844,17.45124237433842
E14000945,South Staffordshire,31.71213496342961,20.77732101863221
W07000067,Carmarthen East and Dinefwr,31.58657771021592,22.35171578977001
E14000961,St Austell and Newquay,32.97921757922162,20.96924040151072
W07000078,Vale of Glamorgan,35.71874392477464,17.68594026582628
E14000564,"Birmingham, Ladywood",56.70005446236178,6.990915046608732
E14000680,East Hampshire,33.36097059255684,18.96370773073613
N06000015,South Down,40.949,13.5
E14000714,Grantham and Stamford,33.81517563774655,18.60505215966894
N06000001,Belfast East,35.311,17.4
E14001056,Wycombe,41.25497454881999,13.1568718186025
S14000024,Edinburgh South,40.70012995451592,15.42861784089854
S14000026,Edinburgh West,33.56073526624976,18.60459931556477
E14000872,Orpington,33.89461329240353,19.59213154716896
E14000802,Macclesfield,31.32156795471116,19.79778702234421
S14000022,Edinburgh East,43.85399836330446,13.28031558847598
E14000634,Chingford and Woodford Green,37.30955541185946,15.80505734608447
E14000837,North Cornwall,30.97119755144926,23.02939631346932
E14001003,Truro and Falmouth,33.86419379766824,20.92530994859389
E14000738,Hazel Grove,32.1725840880098,21.08673411390247
E14000875,Pendle,38.78281089299288,16.04212314984573
E14000753,Horsham,34.25625892064961,16.93380395787525
E14001061,York Central,44.63438706771817,13.17183951551855
E14001031,West Dorset,28.42342342342343,26.5723863398282
E14000646,Congleton,30.87320574162679,20.33601565898217
E14000906,"Ruislip, Northwood and Pinner",33.61005591361134,18.81322292884886
S14000048,North Ayrshire and Arran,32.90582631000366,19.79270271685075
E14000673,Dulwich and West Norwood,41.3507987914096,8.67091241338134
E14001037,Westmorland and Lonsdale,28.30348312062822,24.50696504963119
W07000051,Cardiff North,38.13014957895454,16.53426243275756
E14000860,North Wiltshire,33.74884267100241,17.37348418128853
S14000047,Motherwell and Wishaw,37.06127240513483,15.643648300525
E14000618,Cannock Chase,36.32492663807432,16.06472266113973
E14000962,St Helens North,35.23487846826499,17.54802213058704
E14000813,Mid Bedfordshire,34.63808791362452,15.87479150228224
E14000935,South Derbyshire,35.47367642240332,15.46014734016129
E14001028,Wentworth and Dearne,36.09823619471068,17.14204819529792
E14000571,Blackley and Broughton,46.9012405872474,11.15535330552395
E14000713,Gosport,35.60326373592282,18.61136102751838
E14000561,"Birmingham, Erdington",42.19763136901962,14.14019513592014
W07000062,Clwyd South,35.74250652668612,17.31561239162909
E14000703,Finchley and Golders Green,40.71040063677368,13.65000663305917
E14000531,Aldridge-Brownhills,32.65258398939902,21.61898822979188
E14000766,Keighley,36.68450849202264,17.34534225424601
E14000917,Selby and Ainsty,33.4755063613761,17.09197207860434
E14000535,Ashfield,35.06780226465451,17.48042467178209
E14000536,Ashford,37.03470869488224,16.75048698423942
E14000559,Birkenhead,38.46517597784233,15.69614267378234
E14000628,Chelmsford,37.35582030657156,15.28684170587343
E14000809,"Manchester, Withington",48.89630286658871,9.88186912873443
E14000783,Leicester South,50.84879324653986,10.37497799424916
S14000032,Glasgow North East,39.08262864863605,15.34581964730822
E14000835,Newton Abbot,30.60945868679915,23.51486015006009
E14000786,Lewes,30.28279208998549,24.24482946298984
E14000545,Basingstoke,39.22460091114485,12.39582947516575
E14000794,"Liverpool, Walton",39.43140754930559,14.55004571378815
E14000594,Brentwood and Ongar,33.00128016179524,19.35303419860796
E14000943,South Ribble,33.3507923303653,18.39253987326822
E14000955,"Southampton, Itchen",43.10383428565866,14.22258130457213
E14001027,Welwyn Hatfield,42.50052204947131,14.89074928336845
E14000672,Dudley South,36.16914423463238,18.73744475693049
E14001004,Tunbridge Wells,35.9731607499762,16.3605215570572
E14001036,Westminster North,40.10327906757671,10.63020784270067
E14001009,Wakefield,35.97618697014957,16.01594547405179
E14000828,New Forest West,27.02101859337106,29.40225403014884
E14000900,Romford,37.51225311281206,16.27839072309008
E14000805,Makerfield,35.65609661717684,16.45485835319036
E14001017,Warrington North,36.75338451682018,15.78565952128386
E14000643,Cleethorpes,33.21188550425779,19.91495090444798
E14000694,Epsom and Ewell,34.46260448957263,17.76250755779917
S14000012,"Cumbernauld, Kilsyth and Kirkintilloch East",36.45474187468395,15.05194685790466
E14000610,Burton,37.26431164886938,16.24923343489307
E14000626,Chatham and Aylesford,40.10341176591524,13.40035567068595
E14001018,Warrington South,35.75573517731159,16.05756202401533
E14000648,Corby,37.02758426507052,15.20540604365162
E14000696,Erith and Thamesmead,44.50980926183149,9.977213098383128
E14001019,Warwick and Leamington,39.07144327774347,14.95779287626107
E14000851,North Swindon,37.69250118784762,14.13678414712541
E14000614,Calder Valley,32.98821884014336,16.72575052689853
E14000593,Brentford and Isleworth,40.77055913376272,10.56348984100314
E14000611,Bury North,36.44545850627163,16.31199981655163
E14000868,Nuneaton,37.28015282260721,15.48646334233581
E14000811,Meon Valley,31.93305364833135,20.14288416812259
E14000695,Erewash,35.58001063264221,17.09728867623604
E14000789,"Lewisham, Deptford",45.20194634263076,7.354622563748039
E14000552,Bedford,40.36866997803416,14.75372528842539
E14000994,Thornbury and Yate,33.18621421508333,18.93977763307045
E14000740,Hemsworth,35.36956220190143,18.1190580351903
E14000820,Middlesbrough South and East Cleveland,34.62284273802598,18.57022816883201
E14000653,Crewe and Nantwich,37.12932665864959,16.70162485667142
E14000542,Barnsley East,36.27617931309021,17.45140102173961
E14000798,Louth and Horncastle,28.36558806832843,26.42204675646385
E14000816,Mid Norfolk,32.51602564102564,22.20452724358974
E14000778,Leeds East,42.02436778202373,14.4396574537679
S14000001,Aberdeen North,44.83111566018424,12.94679591386196
E14000841,North East Bedfordshire,34.14657891662448,16.34701507068032
E14000602,Bristol West,52.63368941070799,7.202547075995252
E14000929,Sleaford and North Hykeham,30.98977092637948,21.44863852470825
E14000988,Taunton Deane,34.48047410311561,19.97694827883507
E14000859,North West Norfolk,32.00874647828098,23.3947268828056
E14000948,South Thanet,34.78364389233954,21.01449275362319
E14000890,Reading West,38.99208687682923,13.55972289287228
E14000743,Hereford and South Herefordshire,34.46436630697904,19.3451770401674
E14000830,Newbury,35.77880938869301,15.20034235424361
E14000804,Maidstone and The Weald,36.23260834799297,16.9388693427155
E14000757,Huntingdon,35.89079031456365,16.13647660299652
E14000908,Rushcliffe,34.03641418236577,18.29028147804935
E14000534,Arundel and South Downs,29.02834465954537,23.88271458973753
E14001044,Wirral West,30.78067881344912,22.94643760204598
E14001054,Worsley and Eccles South,38.72439893143366,15.46790253379746
E14000950,South West Devon,31.86715451730932,20.87925696594427
E14000990,Tewkesbury,32.2395907636497,20.07764892901543
E14000775,Knowsley,38.63439514964873,15.77903955345972
E14000849,North Shropshire,34.11880922238846,19.53331798826102
E14001007,Uxbridge and South Ruislip,43.41563176146299,12.55915508264422
S14000045,Midlothian,34.84919518674793,16.71294793657663
E14000752,Hornsey and Wood Green,39.73458297862184,9.417689694404444
E14000603,Broadland,30.2538135059041,22.08891877127369
E14000937,South East Cambridgeshire,34.88617255769783,16.67552426837662
E14000657,Dagenham and Rainham,41.56332647663826,14.58614947595259
S14000008,"Berwickshire, Roxburgh and Selkirk",30.46587032519037,21.15796922361987
S14000014,"Dumfriesshire, Clydesdale and Tweeddale",30.56105839965709,21.14018929783709
S14000005,Argyll and Bute,30.66715060227298,21.93135675884128
E14000822,Milton Keynes South,40.53832770443149,10.89409004668446
S14000021,East Renfrewshire,34.64570406518427,17.97425309691523
S14000010,Central Ayrshire,32.97380760453684,19.05448517807877
S14000016,Dundee West,42.47192522358954,16.21500459507319
E14000910,Saffron Walden,33.86655420316009,17.76596475053698
E14000886,Pudsey,34.83653142760677,17.01873839401272
E14000540,Barking,47.58529346839665,9.227964321045189
E14000532,Altrincham and Sale West,34.68128500584941,17.18897205743806
N06000017,Upper Bann,40.127,13.6
E14000586,Bracknell,37.88686587378039,13.20470390752415
E14001020,Washington and Sunderland West,36.31839673207777,15.31274331689593
E14000862,Northampton South,41.51150990760028,12.57383966244726
E14000856,North West Durham,32.94108707215666,18.6237366884139
E14000878,Peterborough,41.77136222641968,13.89692758244234
E14001006,Tynemouth,32.65221397543515,18.75575896880284
E14000941,South Norfolk,31.20792724532298,21.40172924750237
E14000759,Ilford North,40.29964226184094,13.51996802776126
E14000907,Runnymede and Weybridge,36.18574737809229,16.69908416494805
E14000739,Hemel Hempstead,37.51463404787857,15.12050381494489
E14000998,Tooting,43.11628777247638,8.491907568528394
E14000942,South Northamptonshire,34.73591127650559,14.65337779333468
E14000928,Skipton and Ripon,30.87461970866158,21.70128744988213
E14000870,Oldham East and Saddleworth,39.96122085412546,14.59336030157183
E14000969,Stockport,37.958530819622,13.84736613075847
E14000699,Fareham,32.89506071545783,19.36843616672137
E14000901,Romsey and Southampton North,37.47506799637353,17.99297370806891
E14000645,Colne Valley,35.36780798710635,16.06761842840267
E14000549,Battersea,43.52772493416676,7.886869898509029
E14000623,Central Devon,29.9383757281335,22.19598317702359
E14000902,Rossendale and Darwen,35.86585808324263,15.10185041206655
E14000971,Stockton South,37.4684917199755,15.20732699318116
E14000607,Broxtowe,34.15147781954492,18.18555137884196
E14000720,Hackney North and Stoke Newington,48.08647567871536,6.858227373551188
E14000953,South West Surrey,33.64814940511398,18.96556739617373
E14000698,Exeter,43.61874752353818,14.95216890884734
E14001038,Weston-Super-Mare,33.69994630254679,20.71762810678122
E14000700,Faversham and Mid Kent,34.83686048015172,17.93888194474376
E14000834,Newcastle-under-Lyme,37.69745348248918,17.6536061611108
E14001040,Wimbledon,37.14819233362726,12.31910368795062
W07000071,Merthyr Tydfil and Rhymney,37.75857484711513,16.74155809625099
S14000028,Falkirk,34.32426231012803,16.06810150979762
E14000578,Bolton North East,38.97342792376794,15.86663588279741
E14000706,Fylde,29.99121029372269,23.3330077886564
E14000776,Lancaster and Fleetwood,42.69013271783035,17.12175418349683
E14000880,"Plymouth, Sutton and Devonport",46.35250773600487,12.51916986542528
E14000702,Filton and Bradley Stoke,38.95370800099298,14.86654218518958
E14000938,South East Cornwall,29.95822738830367,21.7228932074101
E14001041,Winchester,35.94442103532265,19.287175112792
E14000622,Castle Point,32.02440604015407,21.58934678619718
E14000530,Aldershot,39.7211370066011,12.68066434441215
E14000838,North Devon,32.09454770623592,22.21486756274889
E14000624,Central Suffolk and North Ipswich,32.71744074392278,20.19204528225603
W07000060,Vale of Clwyd,34.47771480007314,20.75638879903236
E14000728,Harborough,34.91784387355705,18.93862629393416
E14000771,Kingston upon Hull East,38.81679845981488,15.41490368404451
W07000055,Newport East,39.65105530734864,15.8039336517229
E14000666,Dewsbury,39.52317784521451,14.97610437753266
E14000716,Great Grimsby,39.86945140124429,15.47204877440704
E14001032,West Ham,51.0484248333776,6.824878906299403
E14000681,East Surrey,33.97034470944287,17.81696708986048
S14000004,Angus,33.18450304636993,19.75722059439096
W07000059,Clwyd West,31.27029220779221,23.93127705627706
E14000631,Chesham and Amersham,33.06525611270038,19.39655637717925
W07000069,Neath,33.94725769893728,18.9171948587793
S14000003,Airdrie and Shotts,37.11689673248296,14.90593511561535
E14001024,Weaver Vale,34.85293617214352,15.87472634671446
E14000730,Harrogate and Knaresborough,33.04517733435964,19.28079420530128
E14000620,Carlisle,35.78199327742821,17.82877214203468
E14000751,Hornchurch and Upminster,35.0212939735138,19.26180891818836
E14000888,Rayleigh and Wickford,32.41844029912072,19.71505464705399
E14000984,Sutton and Cheam,35.60491014932929,15.54247869737619
E14000869,Old Bexley and Sidcup,35.97507195246495,18.66470151332281
E14000936,South Dorset,31.70686637898238,22.2502418504549
E14000616,Camborne and Redruth,33.48237277026078,20.37314481015029
E14000737,Hayes and Harlington,45.93173708152869,9.737317606893482
E14000995,Thurrock,41.67304632058836,11.29499806459937
E14000711,Gillingham and Rainham,39.47687949003338,14.81432763330972
E14000541,Barnsley Central,36.01978673262244,16.62972209907366
E14000824,Mole Valley,31.46170277693012,20.50235181463281
E14000853,North Tyneside,35.11985260970972,16.43636933811568
E14001051,Wolverhampton South West,37.60790456113905,17.6851601050487
E14000678,East Devon,29.29882072459449,26.7274043169143
E14000963,St Helens South and Whiston,35.74912822754503,17.91628997486514
N06000003,Belfast South,41.184,13.5
S14000050,Ochil and South Perthshire,33.12504974926371,18.14853140173525
E14000758,Hyndburn,38.57547516595671,15.75669773174476
E14000557,Bexhill and Battle,28.87408539914819,26.90639054076862
E14001026,Wells,32.51967208354707,21.59331778278922
S14000055,"Ross, Skye and Lochaber",30.87822031279885,19.5153530389748
E14000845,North East Hertfordshire,33.94727452091598,17.72348508700124
E14000968,Stevenage,38.52237981994224,14.75072192967556
E14000897,Rochdale,42.48689763925607,13.15987199109503
E14000818,Mid Worcestershire,31.62385923306583,20.4491075020645
E14000940,South Leicestershire,34.58422386798549,16.8736020676972
E14000761,Ipswich,40.57961707475941,14.29410199719274
E14000723,Halifax,39.2851831656174,15.12021018192634
E14000926,Shrewsbury and Atcham,34.42988025238812,19.16645504092516
E14000679,East Ham,52.3951895997117,6.540222367560497
E14000842,North East Cambridgeshire,33.98501459386345,19.74887876414893
E14000664,Derbyshire Dales,28.73285625309827,22.4257369110114
E14001042,Windsor,36.03545496301074,15.01754180226138
E14000701,Feltham and Heston,44.39837002894714,10.58922975095892
E14000792,Lincoln,42.89314800534166,14.87200707205598
E14000595,Bridgwater and West Somerset,32.65852512916862,21.99436355096289
E14001000,Torridge and West Devon,29.58542131854336,23.50205282816954
E14000885,Preston,47.9278328761342,11.34416543574594
W07000063,Montgomeryshire,32.32098339578859,21.37067059690493
S14000051,Orkney and Shetland,33.62161919309911,17.96208104951029
E14001033,West Lancashire,36.06232264734115,18.49742080445584
E14000582,Boston and Skegness,33.0327288462295,21.58943393257543
E14000832,Newcastle upon Tyne East,52.66296331167812,11.39357038989842
E14001045,Witham,33.43360209885897,18.20895859955445
E14000779,Leeds North East,37.76844172850284,15.20296813618507
S14000044,Livingston,37.96596286858392,12.81215871860211
E14000663,Derby South,43.84406115177107,13.27000760275165
E14000562,"Birmingham, Hall Green",47.7438224737714,10.98409028161237
E14000788,Lewisham West and Penge,39.25542252790278,10.16104837111885
N06000013,North Down,33.976,18.7
E14000613,Bury St Edmunds,34.78949312971727,19.32915779658333
E14000767,Kenilworth and Southam,31.66048068147246,21.01734104046243
W07000050,Cardiff Central,55.42072942324937,10.39762988524013
E14000847,North Herefordshire,29.5981857300692,23.44129790079665
S14000042,Lanark and Hamilton East,32.93201932050086,18.04067150021023
E14000852,North Thanet,34.07518314528635,21.87583551681728
E14001047,Woking,36.48247851138188,14.98535940304147
W07000049,Aberavon,35.16701193050368,18.31612054496242
S14000041,Kirkcaldy and Cowdenbeath,34.19074041605215,18.13756329995152
E14000810,Mansfield,35.96864051461719,17.17879501464591
W07000046,Gower,32.26589907349106,21.01543324894948
W07000048,Swansea East,38.62620443031688,15.58185159431807
E14000537,Ashton-under-Lyne,37.98351089695416,15.56739313027718
E14000548,Batley and Spen,39.5666317574769,14.70263857867079
E14000946,South Suffolk,31.29087104368297,21.71614787688552
E14000899,Rochford and Southend East,37.61078305006845,16.48631635742334
W07000065,Preseli Pembrokeshire,33.46129238643634,21.27253972606317
E14000913,Scarborough and Whitby,32.14714730130699,22.35443895727882
E14000566,"Birmingham, Perry Barr",46.00803062844336,12.27565599028854
E14000855,North West Cambridgeshire,37.47771087709198,14.36019222619362
E14000581,Bootle,38.16392243699784,15.80716919420207
E14000590,Braintree,35.31275551921505,16.69358135731807
E14000863,Norwich North,35.28711420459749,19.12263027749794
E14000799,Ludlow,29.01115995144773,23.86721189766313
E14000627,Cheadle,32.37972820056469,20.53327181042154
E14000848,North Norfolk,26.60050800401678,29.55520113414851
E14000791,Lichfield,31.90514599128892,20.06452653653815
E14000589,Bradford West,51.8015702198482,9.369036519375047
E14000601,Bristol South,40.2086340986355,14.59693568667629
N06000007,Fermanagh and South Tyrone,39.438,14.1
