speaker,birth_date,date,mp_id,gender,constituency_name,constituency_id,backbencher,surname,ONS ID,Valid votes,Majority,vulnerability,under_30,over_65
Jacob Rees-Mogg,1969-05-24,2015-05-18,4099,M,North East Somerset,3645,True,Rees-Mogg,E14000846,51110,12749,24.94423791821561,33.0736487029154,20.27605355852083
David Cameron,1966-10-09,2015-05-18,1467,M,Witney,3859,False,Cameron,E14001046,58482,25155,43.01323484148969,33.90564903272602,18.38345469989216
Harriet Harman,1950-07-30,2015-05-18,150,F,Camberwell and Peckham,3384,False,Harman,E14000615,51561,25824,50.08436609064992,44.40771085876735,77.85124494913195
Angus Robertson,1969-09-28,2015-05-18,1433,M,Moray,2004,False,Robertson,S14000046,49280,9065,18.39488636363636,34.32659842435286,18.45972452971757
Nigel Dodds,1958-08-20,2015-05-18,1388,M,Belfast North,3315,False,Dodds,N06000002,40593,5326,13.12048875421871,38.612,16.0
Alasdair McDonnell,1949-09-01,2015-05-18,1596,M,Belfast South,3316,True,McDonnell,N06000003,38957,906,2.325641091459814,41.184,13.5
Jonathan Edwards,1976-04-26,2015-05-18,3943,M,Carmarthen East and Dinefwr,3394,False,Edwards,W07000067,39399,5599,14.21102058427879,31.58657771021592,22.35171578977001
Alistair Carmichael,1965-07-15,2015-05-18,1442,M,Orkney and Shetland,2256,True,Carmichael,S14000051,22728,817,3.594684970080957,33.62161919309911,17.96208104951029
Simon Burns,1952-09-06,2015-05-27,46,M,Chelmsford,3404,True,Burns,E14000628,53817,18250,33.91121764498207,37.35582030657156,15.28684170587343
Sheryll Murray,1956-02-04,2015-05-27,4100,F,South East Cornwall,3743,True,Murray,E14000938,50498,16995,33.6547982098301,29.95822738830367,21.7228932074101
David Winnick,1933-06-26,2015-05-27,316,M,Walsall North,3823,True,Winnick,E14001011,36883,1937,5.251741994957026,40.36515477534673,15.5307952875008
Chloe Smith,1982-05-17,2015-05-27,1609,F,Norwich North,3662,True,Smith,E14000863,43592,4463,10.2381170857038,35.28711420459749,19.12263027749794
Mark Spencer,1970-01-20,2015-05-27,4055,M,Sherwood,3727,True,Spencer,E14000924,50698,4647,9.166042052940943,33.9210274917737,18.50015921876658
Keith Vaz,1956-11-26,2015-05-27,338,M,Leicester East,3570,True,Vaz,E14000782,48068,18352,38.17924606807023,42.64190932546995,12.91190563951345
Emily Thornberry,1960-07-27,2015-05-27,1536,F,Islington South and Finsbury,3550,True,Thornberry,E14000764,44270,12708,28.7056697537836,45.63103958852868,89.0644482543641
Seema Malhotra,1972-08-07,2015-05-27,4253,F,Feltham and Heston,3484,False,Malhotra,E14000701,49405,11463,23.20210505009614,44.39837002894714,10.58922975095892
Geraint Davies,1960-05-03,2015-05-27,155,M,Swansea West,3793,True,Davies,W07000047,35156,7036,20.01365343042439,42.98358704814797,17.24227698715724
Gerald Howarth,1947-09-12,2015-05-27,47,M,Aldershot,3289,True,Howarth,E14000530,46191,14901,32.25953107748263,39.7211370066011,12.68066434441215
Gareth Thomas,1967-07-15,2010-06-02,177,M,Harrow West,3518,False,Thomas,E14000732,46603,2208,4.737892410359848,41.3027408438535,11.95315125042
Gareth Thomas,1967-07-15,2010-06-02,177,M,Harrow West,3518,False,Thomas,E14000732,46603,2208,4.737892410359848,41.3027408438535,11.95315125042
Barbara Keeley,1952-03-26,2015-05-27,1588,F,Worsley and Eccles South,3867,False,Keeley,E14001054,42048,5946,14.14098173515982,38.72439893143366,15.46790253379746
Toby Perkins,1970-08-12,2015-05-27,3952,M,Chesterfield,3408,False,Perkins,E14000632,45567,13598,29.84177145741436,33.71546842827728,18.74142072752231
Caroline Lucas,1960-12-09,2015-05-27,3930,F,"Brighton, Pavilion",3366,True,Lucas,E14000598,54676,7967,14.57129270612335,44.82059598621529,10.3192300638074
Christopher Pincher,1969-09-24,2015-05-27,4075,M,Tamworth,3794,True,Pincher,E14000986,47174,11302,23.95811251960826,36.78540709505528,15.92191662995364
Pete Wishart,1962-03-09,2015-05-27,1440,M,Perth and North Perthshire,2316,False,Wishart,S14000054,54200,9641,17.78782287822878,32.80254124397991,20.01741981760426
Kevin Brennan,1959-10-16,2015-05-27,1400,M,Cardiff West,3392,False,Brennan,W07000079,43792,6789,15.50283156740957,39.4443406901249,14.30125127709361
Edward Leigh,1950-07-20,2015-05-27,345,M,Gainsborough,3492,True,Leigh,E14000707,49261,15449,31.36152331458963,31.32066420261887,20.99674004295729
David Davis,1948-12-23,2015-05-27,373,M,Haltemprice and Howden,3510,True,Davis,E14000724,48757,16195,33.21574338043768,30.80468599961591,21.19657926546843
Ian Austin,1965-03-06,2015-05-27,1511,M,Dudley North,3451,True,Austin,E14000671,37992,4181,11.00494841019162,37.56063926715753,18.38754955797976
John Redwood,1951-06-15,2015-05-27,14,M,Wokingham,3861,True,Redwood,E14001048,55999,24197,43.20970017321738,35.99699349249362,14.10289376347489
Clive Efford,1958-07-10,2015-05-27,165,M,Eltham,3473,False,Efford,E14000690,43157,2693,6.240007414787867,39.04232444657361,14.29048897603583
William Cash,1940-05-10,2010-05-26,288,M,Stone,3780,True,Cash,E14000975,47031,16250,34.55167868001956,29.87572552789944,21.27146909755605
Jeremy Corbyn,1949-05-26,2015-05-27,185,M,Islington North,3549,True,Corbyn,E14000763,49234,21194,43.04748750863225,43.63045936464061,85.9484483275184
Angus MacNeil,1970-07-21,2010-05-26,1546,M,Na h-Eileanan an Iar,2025,False,MacNeil,S14000027,15938,4102,25.73723177312084,30.22684583152724,21.56119057939604
David Tredinnick,1950-01-19,2015-05-27,335,M,Bosworth,3349,True,Tredinnick,E14000583,53582,10988,20.50688664103617,32.78423312508903,18.36043222563644
Alex Salmond,1954-12-31,2015-05-27,577,M,Gordon,1284,False,Salmond,S14000037,58161,8687,14.93612558243496,33.49919903884661,15.38045654785743
Cheryl Gillan,1952-04-21,2015-05-27,18,F,Chesham and Amersham,3407,True,Gillan,E14000631,52730,23920,45.36317087047222,33.06525611270038,19.39655637717925
Graham Allen,1953-01-11,2015-05-27,364,M,Nottingham North,3665,True,Allen,E14000866,35343,11860,33.55685708626885,43.15919501775696,13.50352565752226
Geoffrey Clifton-Brown,1953-03-23,2015-05-27,249,M,The Cotswolds,3799,True,Clifton-Brown,E14000991,56667,21477,37.90036529196887,29.95701348023872,22.40828846876174
Boris Johnson,1964-06-19,2015-05-27,1423,M,Uxbridge and South Ruislip,3817,True,Johnson,E14001007,44811,10695,23.86690767891812,43.41563176146299,12.55915508264422
Dominic Grieve,1956-05-24,2015-05-27,16,M,Beaconsfield,3311,True,Grieve,E14000550,53163,26311,49.4911874800143,32.73566965498506,19.65347580669504
Nick Clegg,1967-01-07,2015-05-27,1563,M,"Sheffield, Hallam",3725,True,Clegg,E14000922,55481,2353,4.241091544853193,37.26890192040825,18.86722771834012
Rehman Chishti,1978-10-04,2015-05-27,3987,M,Gillingham and Rainham,3496,True,Chishti,E14000711,47078,10530,22.36713539232763,39.47687949003338,14.81432763330972
Andrew Mitchell,1956-03-23,2015-05-27,1211,M,Sutton Coldfield,3791,True,Mitchell,E14000985,50854,16417,32.28261297046447,32.74206945860978,20.03953441912793
Tom Brake,1962-05-06,2015-05-27,151,M,Carshalton and Wallington,3396,True,Brake,E14000621,47613,1510,3.171402768151555,38.90497471727408,13.10820167432492
Greg Knight,1949-04-04,2015-05-27,1200,M,East Yorkshire,3466,True,Knight,E14000683,49991,14933,29.87137684783261,29.39617641491576,23.48047859569423
David Lammy,1972-07-19,2015-05-27,206,M,Tottenham,3811,True,Lammy,E14001002,42558,23564,55.36914328680859,46.68090407545827,81.4936898875709
Sammy Wilson,1953-04-04,2015-05-27,1593,M,East Antrim,3459,False,Wilson,N06000005,33497,5795,17.30005672149745,37.592,15.8
David Amess,1952-03-26,2015-05-27,44,M,Southend West,3762,True,Amess,E14000957,44509,14021,31.50149407984902,33.64835065928626,19.08554970523379
Peter Bottomley,1944-07-30,2015-05-27,117,M,Worthing West,3868,True,Bottomley,E14001055,50763,16855,33.20331737682958,29.4423799670622,26.45897555001901
Ian Paisley,1966-12-12,2015-05-27,4129,M,North Antrim,3634,False,Paisley,N06000012,41907,11546,27.55148304579188,37.47,16.2
Jim Shannon,1955-03-25,2015-05-27,4131,M,Strangford,3782,False,Shannon,N06000016,33924,10185,30.0229925716307,36.013,16.4
Stewart Jackson,1965-01-31,2015-05-27,1551,M,Peterborough,3678,True,Jackson,E14000878,47075,1925,4.089219330855019,41.77136222641968,13.89692758244234
Louise Ellman,1945-11-14,2015-05-27,484,F,"Liverpool, Riverside",3581,True,Ellman,E14000793,44263,24463,55.26737907507398,52.19021928297946,10.25408980160111
Stephen Pound,1948-07-03,2010-06-02,161,M,Ealing North,3456,False,Pound,E14000675,48510,12326,25.40919398062255,42.39206717471536,11.09670814171421
Edward Garnier,1952-10-26,2015-05-27,337,M,Harborough,3514,True,Garnier,E14000728,52471,19632,37.41495302166911,34.91784387355705,18.93862629393416
Brendan O'Hara,1963-04-27,2015-05-27,4371,M,Argyll and Bute,67,False,O'Hara,S14000005,51883,8473,16.33097546402482,30.66715060227298,21.93135675884128
John McDonnell,1951-09-08,2010-06-24,178,M,Hayes and Harlington,3523,True,McDonnell,E14000737,45056,15700,34.84552556818182,45.93173708152869,97.37317606893482
Meg Hillier,1969-02-14,2015-05-27,1524,F,Hackney South and Shoreditch,3507,True,Hillier,E14000721,47580,24213,50.8890290037831,47.15394894869496,72.8555237918027
Chris Evans,1977-07-17,2015-05-27,4040,M,Islwyn,3551,True,Evans,W07000077,35401,10404,29.38900031072569,36.16194568215574,17.25015913430936
David Rutley,1961-03-07,2015-05-27,4033,M,Macclesfield,3591,True,Rutley,E14000802,49598,14811,29.86209121335538,31.32156795471116,19.79778702234421
Kwasi Kwarteng,1975-05-26,2015-05-27,4134,M,Spelthorne,3764,True,Kwarteng,E14000959,49079,14152,28.83514334032886,34.38565660369463,17.44806376702441
John Mann,1960-01-10,2015-05-27,1387,M,Bassetlaw,3307,True,Mann,E14000546,49289,8843,17.94112276572866,33.86636868064119,18.51302404438964
Rob Marris,1955-04-08,2015-05-27,1468,M,Wolverhampton South West,3864,True,Marris,E14001051,40209,801,1.99209132283817,37.60790456113905,17.6851601050487
Michael Ellis,1967-10-13,2015-05-27,4116,M,Northampton North,3660,True,Ellis,E14000861,39411,3245,8.233741848722438,39.97122702803044,15.16846111007982
Eilidh Whiteford,1969-04-24,2015-05-27,3911,F,Banff and Buchan,110,False,Whiteford,S14000007,45629,14339,31.42519012031822,33.97098275390091,17.73446482343279
Stephen Gethins,1976-03-28,2015-05-27,4434,M,North East Fife,2135,False,Gethins,S14000049,45263,4344,9.59724278107947,35.99732029873707,20.27640622286182
Richard Bacon,1962-12-03,2015-05-27,1451,M,South Norfolk,3746,True,Bacon,E14000941,57123,20493,35.87521663778163,31.20792724532298,21.40172924750237
Hannah Bardell,1983-06-01,2015-05-27,4486,F,Livingston,1826,False,Bardell,S14000044,57547,16843,29.26825029975498,37.96596286858392,12.81215871860211
Nick Boles,1965-11-02,2010-06-08,3995,M,Grantham and Stamford,3500,True,Boles,E14000714,53755,18989,35.32508603850805,33.81517563774655,18.60505215966894
Angela Eagle,1961-02-17,2015-05-28,491,F,Wallasey,3822,False,Eagle,E14001010,43366,16348,37.69773555319836,36.68552390322436,16.91561200304101
Chris Grayling,1962-04-01,2015-05-28,1413,M,Epsom and Ewell,3477,False,Grayling,E14000694,57143,24443,42.77514306214235,34.46260448957263,17.76250755779917
Philip Davies,1972-01-05,2015-05-28,1565,M,Shipley,3728,True,Davies,E14000925,50542,9624,19.04158917336077,33.65974615449273,17.71560057157266
Cat Smith,1985-06-16,2015-05-28,4436,F,Lancaster and Fleetwood,3564,True,Smith,E14000776,41738,1265,3.030811251138052,42.69013271783035,17.12175418349683
Crispin Blunt,1960-07-15,2015-05-28,104,M,Reigate,3695,True,Blunt,E14000893,51349,22334,43.49451790687257,35.23449664296411,16.38451697360983
Nigel Evans,1957-11-10,2015-05-28,474,M,Ribble Valley,3697,True,Evans,E14000894,52243,13606,26.04368049308041,33.25630100382755,19.0304243312115
Rachael Maskell,1972-07-05,2015-05-28,4471,F,York Central,3876,True,Maskell,E14001061,47677,6716,14.08645678209619,44.63438706771817,13.17183951551855
Peter Bone,1952-10-19,2015-05-28,1581,M,Wellingborough,3837,True,Bone,E14001025,50430,16397,32.51437636327583,36.25222543543176,16.14747689786076
Paul Flynn,1935-02-09,2015-05-28,545,M,Newport West,3630,True,Flynn,W07000056,40347,3510,8.699531563685033,37.50073184154752,16.98106579548249
Martin Vickers,1950-09-13,2015-05-28,3957,M,Cleethorpes,3419,True,Vickers,E14000643,45089,7893,17.50537825190179,33.21188550425779,19.91495090444798
Stephen Phillips,1970-03-09,2015-05-28,4054,M,Sleaford and North Hykeham,3732,True,Phillips,E14000929,61944,24115,38.93032416376082,30.98977092637948,21.44863852470825
Wes Streeting,1983-01-21,2015-05-28,4504,M,Ilford North,3545,True,Streeting,E14000759,48932,589,1.203711272786725,40.29964226184094,13.51996802776126
Jason McCartney,1968-01-29,2015-05-28,3953,M,Colne Valley,3423,True,McCartney,E14000645,56800,5378,9.468309859154928,35.36780798710635,16.06761842840267
Mark Pawsey,1957-01-16,2015-05-28,4052,M,Rugby,3708,True,Pawsey,E14000905,49006,10345,21.10966004162756,35.75179442562844,17.45124237433842
Louise Haigh,1987-07-22,2015-05-28,4473,F,"Sheffield, Heeley",3726,True,Haigh,E14000923,42048,12954,30.80764840182648,36.44212868850705,17.80112554297819
Andrew Turner,1953-10-24,2015-05-28,1426,M,Isle of Wight,3548,True,Turner,E14000762,70300,13703,19.49217638691323,30.8176328065671,23.83394206776842
Lilian Greenwood,1966-03-26,2015-05-28,4029,F,Nottingham South,3666,False,Greenwood,E14000867,43465,6936,15.95766708846198,53.06546556443566,11.90116539873481
Graham Stuart,1962-03-12,2015-05-28,1482,M,Beverley and Holderness,3321,True,Stuart,E14000556,52677,12203,23.16570799400118,30.41765248426034,20.98187432329471
Ruth Smeeth,1979-06-29,2015-05-28,4508,F,Stoke-on-Trent North,3778,True,Smeeth,E14000973,38654,4836,12.5109949811145,38.4624928914853,16.31701390683968
Nick Smith,1960-01-14,2015-05-28,3928,M,Blaenau Gwent,3339,True,Smith,W07000072,31683,12703,40.09405674967648,36.08302059758788,17.87177356977111
Philip Hollobone,1964-11-07,2015-05-28,1537,M,Kettering,3556,True,Hollobone,E14000769,47218,12590,26.66356050658647,36.14656325220648,16.04065258090398
John Spellar,1947-08-05,2015-05-28,318,M,Warley,3828,False,Spellar,E14001016,37829,14702,38.86436331914669,42.89432869491654,14.09963015585514
Alec Shelbrooke,1976-01-10,2015-05-28,3997,M,Elmet and Rothwell,3472,True,Shelbrooke,E14000689,57797,8490,14.68934373756423,31.7657569035263,20.55750178171708
Jon Ashworth,1978-10-14,2011-06-08,4244,M,Leicester South,3571,True,Ashworth,E14000783,45942,17845,38.84245352836185,50.84879324653986,10.37497799424916
Andrew Stephenson,1981-02-17,2015-05-28,4044,M,Pendle,3675,True,Stephenson,E14000875,44448,5453,12.26826853851692,38.78281089299288,16.04212314984573
Rebecca Long Bailey,1979-09-22,2015-05-28,4396,F,Salford and Eccles,3714,True,Bailey,E14000911,43261,12541,28.9891588266568,42.99651760543917,13.36852578630258
Liz McInnes,1959-03-30,2015-05-28,4342,F,Heywood and Middleton,3533,True,McInnes,E14000747,48538,5299,10.91721949812518,37.11956417117447,16.00573661616648
Helen Jones,1954-12-24,2015-05-28,432,F,Warrington North,3829,True,Jones,E14001017,45419,8923,19.64596314317797,36.75338451682018,15.78565952128386
Graham Jones,1966-03-03,2010-06-30,3999,M,Hyndburn,3544,True,Jones,E14000758,42887,4400,10.25951920162287,38.57547516595671,15.75669773174476
Andrew Gwynne,1974-06-04,2015-05-28,1506,M,Denton and Reddish,3441,False,Gwynne,E14000661,38681,10511,27.17354773661488,36.80445521483829,16.26083511976885
Stephen Doughty,1980-04-15,2015-05-28,4264,M,Cardiff South and Penarth,3391,False,Doughty,W07000080,46667,7453,15.9706002099985,41.85845237541297,13.56381741193988
Dennis Skinner,1932-02-11,2015-05-28,325,M,Bolsover,3343,True,Skinner,E14000577,43998,11778,26.76939860902768,34.19177966191398,18.51851851851852
John Whittingdale,1959-10-16,2015-05-28,39,M,Maldon,3595,False,Whittingdale,E14000806,48045,22070,45.93610157144344,32.12946383323761,18.99050643602824
Chris Bryant,1962-01-11,2015-05-28,1446,M,Rhondda,3696,False,Bryant,W07000052,31538,7455,23.63815080220686,36.51690238013108,18.74784408416695
Damian Collins,1974-02-04,2015-05-28,3986,M,Folkestone and Hythe,3488,True,Collins,E14000704,55010,13797,25.08089438283949,33.41948046200823,20.76824357215559
Damian Green,1956-01-17,2015-05-28,76,M,Ashford,3297,True,Green,E14000536,57372,19296,33.63313114411211,37.03470869488224,16.75048698423942
Nigel Mills,1974-10-28,2015-05-28,4136,M,Amber Valley,3293,True,Mills,E14000533,45717,4205,9.197891375199598,33.42739779024384,18.14002708146058
Theresa May,1956-10-01,2015-05-28,8,F,Maidenhead,3592,False,May,E14000803,53855,29059,53.95784978182155,34.07585732534145,17.32141102485998
Kate Green,1960-05-02,2015-05-28,4120,F,Stretford and Urmston,3785,False,Green,E14000979,46386,11685,25.19079032466692,38.23329856504876,14.77888383679835
Yvette Cooper,1969-03-20,2015-05-28,420,F,"Normanton, Pontefract and Castleford",3633,False,Cooper,E14000836,45897,15428,33.61439745517136,36.44759550352162,16.66868790521946
Mike Weir,1970-05-12,2010-06-22,1384,M,Angus,59,False,Weir,S14000004,44485,11230,25.24446442621108,33.18450304636993,19.75722059439096
Richard Fuller,1962-05-30,2015-05-28,3912,M,Bedford,3313,True,Fuller,E14000552,46086,1097,2.380332421993664,40.36866997803416,14.75372528842539
Margaret Hodge,1944-09-08,2015-05-28,140,F,Barking,3301,True,Hodge,E14000540,43041,15272,35.48244696916893,47.58529346839665,92.27964321045188
Robert Syms,1956-08-15,2015-05-28,245,M,Poole,3682,True,Syms,E14000881,47393,15789,33.31504652585825,32.87940194452027,21.03273765775603
Liam Fox,1961-09-22,2015-05-28,223,M,North Somerset,3649,True,Fox,E14000850,58942,23099,39.18937260357639,30.82175054437413,21.3954292924154
Joanna Cherry,1966-03-18,2015-05-28,4419,F,Edinburgh South West,1048,False,Cherry,S14000025,51602,8135,15.7648928336111,41.02845741464792,13.46991011326535
Dawn Butler,1969-11-03,2015-05-28,1489,F,Brent Central,3358,True,Butler,E14000591,47032,19649,41.7779384249022,45.52379982246541,93.88233239715365
Marie Rimmer,1947-04-27,2015-05-28,4457,F,St Helens South and Whiston,3768,True,Rimmer,E14000963,48397,21243,43.89321652168523,35.74912822754503,17.91628997486514
Nick Thomas-Symonds,1980-05-26,2015-05-28,4479,M,Torfaen,3808,True,Thomas-Symonds,W07000053,37937,8169,21.53306798112661,37.27622429353455,16.96873304729496
Robert Flello,1966-01-14,2010-05-26,1569,M,Stoke-on-Trent South,3779,True,Flello,E14000974,39107,2539,6.492443808013911,37.21060096717631,16.4833201174907
Ian Blackford,1961-05-14,2015-05-28,4390,M,"Ross, Skye and Lochaber",2456,False,Blackford,S14000055,41811,5124,12.25514816675038,30.87822031279885,19.5153530389748
John Glen,1974-04-01,2015-05-28,4051,M,Salisbury,3715,True,Glen,E14000912,50705,20421,40.27413470071985,33.39963715053881,19.9042602024088
Keir Starmer,1962-09-02,2015-05-28,4514,M,Holborn and St Pancras,3536,True,Starmer,E14000750,54917,17048,31.04321066336471,45.47116674776249,10.31538903879329
Craig Mackinlay,1966-10-07,2015-05-28,4529,M,South Thanet,3753,True,Mackinlay,E14000948,49401,2812,5.69219246573956,34.78364389233954,21.01449275362319
Stephen Hammond,1962-02-04,2015-05-28,1585,M,Wimbledon,3853,True,Hammond,E14001040,48422,12619,26.06046838214035,37.14819233362726,12.31910368795062
Jess Phillips,1981-10-09,2015-05-28,4370,F,"Birmingham, Yardley",3333,True,Phillips,E14000568,41151,6595,16.02634200869967,43.50465626112537,13.90694972736982
Neil Carmichael,1961-04-15,2015-05-28,4104,M,Stroud,3786,True,Carmichael,E14000980,60819,4866,8.000789227050758,32.31345676043921,19.02400416766852
Tommy Sheppard,1959-03-06,2015-05-28,4453,M,Edinburgh East,1035,False,Sheppard,S14000022,47089,9106,19.33784960394147,43.85399836330446,13.28031558847598
Peter Dowd,1957-06-20,2015-05-28,4397,M,Bootle,3347,True,Dowd,E14000581,45152,28704,63.5719347980156,38.16392243699784,15.80716919420207
Peter Lilley,1943-08-23,2015-05-28,68,M,Hitchin and Harpenden,3535,True,Lilley,E14000749,55375,20055,36.21670428893905,34.9975403335107,16.38439065527523
Andy Slaughter,1960-09-29,2010-06-02,1516,M,Hammersmith,3512,True,Slaughter,E14000726,47960,6518,13.59049207673061,43.42332284583375,86.93629689772997
Michael Gove,1967-08-26,2015-05-28,1571,M,Surrey Heath,3789,False,Gove,E14000983,54431,24804,45.56962025316456,34.13144739831856,16.65151859425888
Julian Lewis,1951-09-26,2015-05-28,54,M,New Forest East,3621,True,Lewis,E14000827,49447,19162,38.75260379800595,31.89742923353475,21.0187772074589
Penny Mordaunt,1973-03-04,2015-05-28,4017,F,Portsmouth North,3684,False,Mordaunt,E14000883,45390,10537,23.21436439744437,39.24044136515268,14.84218629715166
Maria Miller,1964-03-26,2015-06-01,1480,F,Basingstoke,3306,True,Miller,E14000545,53076,11063,20.84369583239129,39.22460091114485,12.39582947516575
Ben Bradshaw,1960-08-30,2015-06-01,230,M,Exeter,3481,True,Bradshaw,E14000698,54018,7183,13.29741937872561,43.61874752353818,14.95216890884734
Stewart Malcolm McDonald,1986-08-24,2015-06-01,4461,M,Glasgow South,1208,True,McDonald,S14000034,48778,12269,25.15273278937225,36.51595865774257,14.46296043345627
Jesse Norman,1962-06-23,2015-06-01,3991,M,Hereford and South Herefordshire,3529,True,Norman,E14000743,47257,16890,35.7407368220581,34.46436630697904,19.3451770401674
Greg Mulholland,1970-08-31,2015-06-01,1540,M,Leeds North West,3568,True,Mulholland,E14000780,43357,2907,6.704799686325161,47.45834860649632,14.93301486325099
David Burrowes,1969-06-12,2015-06-01,1518,M,"Enfield, Southgate",3475,True,Burrowes,E14000692,45812,4753,10.37501091417096,38.1514883826037,15.0605008525587
Gareth Johnson,1969-10-12,2015-06-01,3970,M,Dartford,3438,True,Johnson,E14000659,52418,12345,23.55107024304628,38.37209302325581,15.04941860465116
David Hanson,1957-07-05,2015-06-01,533,M,Delyn,3440,False,Hanson,W07000042,37457,2930,7.822302907333743,33.8023742517964,18.78687447322181
Andrew Bridgen,1964-10-28,2015-06-01,4133,M,North West Leicestershire,3657,True,Bridgen,E14000858,51548,11373,22.06293163653294,33.83938888175632,17.36637137843968
Clive Betts,1950-01-13,2015-06-01,394,M,Sheffield South East,3723,True,Betts,E14000920,41685,12311,29.53340530166727,36.67319572095826,17.46486149077681
Bill Esterson,1966-10-27,2015-06-01,4061,M,Sefton Central,3719,True,Esterson,E14000916,49021,11846,24.16515370963464,29.719868173258,24.13841807909604
Chi Onwurah,1965-04-12,2015-06-01,4124,F,Newcastle upon Tyne Central,3625,False,Onwurah,E14000831,35085,12673,36.12084936582585,46.56697939013587,12.1887440897399
Barry Gardiner,1957-03-10,2015-06-01,146,M,Brent North,3359,False,Gardiner,E14000592,52235,10834,20.74088255001436,43.03648703340494,11.99293297219887
Mike Gapes,1952-09-04,2015-06-01,184,M,Ilford South,3546,True,Gapes,E14000760,51912,19777,38.09716443211589,48.01923150303355,93.34147365207768
Philip Hammond,1955-12-04,2015-06-01,105,M,Runnymede and Weybridge,3710,False,Hammond,E14000907,50052,22134,44.22200911052505,36.18574737809229,16.69908416494805
Gisela Stuart,1955-11-26,2015-06-01,296,F,"Birmingham, Edgbaston",3325,True,Stuart,E14000560,41293,2706,6.55316881795946,44.11192113329468,13.80374451163947
Keith Simpson,1949-03-29,2015-06-01,126,M,Broadland,3371,True,Simpson,E14000603,53089,16838,31.71655145133643,30.2538135059041,22.08891877127369
Henry Smith,1969-05-14,2015-06-01,3960,M,Crawley,3430,True,Smith,E14000652,48550,6526,13.44181256436663,40.22627278441232,12.63450190905935
Jim Cunningham,1941-02-04,2015-06-01,308,M,Coventry South,3429,True,Cunningham,E14000651,43699,3188,7.295361449918762,46.49213370336342,14.6452352311583
John Baron,1959-06-21,2015-06-01,1390,M,Basildon and Billericay,3305,True,Baron,E14000544,43028,12482,29.00901738402901,36.97191343227001,16.76051155685886
Ian Lucas,1960-09-18,2010-05-25,1470,M,Wrexham,3869,False,Lucas,W07000044,32719,1831,5.596136801246982,36.87536223689233,17.22763319715582
John Howell,1955-07-27,2015-06-01,1606,M,Henley,3528,True,Howell,E14000742,55236,25375,45.93924252299225,32.261890156627,19.70923813029076
Tim Loughton,1962-05-30,2015-06-01,114,M,East Worthing and Shoreham,3465,True,Loughton,E14000682,49898,14949,29.95911659785964,33.03132550195784,20.27618095476131
Hilary Benn,1953-11-26,2015-06-01,413,M,Leeds Central,3565,False,Benn,E14000777,45048,16967,37.66426922393891,54.35101635346975,90.43702070335723
Bob Stewart,1949-07-07,2015-06-01,3919,M,Beckenham,3312,True,Stewart,E14000551,48803,18471,37.8480831096449,33.90146073484961,17.91152842744021
Bob Blackman,1956-04-26,2015-06-01,4005,M,Harrow East,3517,True,Blackman,E14000731,49000,4757,9.708163265306123,40.21935023756517,14.7714459189869
Gerald Kaufman,1930-06-21,2015-06-01,451,M,"Manchester, Gorton",3597,True,Kaufman,E14000808,42019,24079,57.30502867750303,53.55492005251894,82.42054713214266
Alan Duncan,1957-03-31,2015-06-01,343,M,Rutland and Melton,3712,True,Duncan,E14000909,54603,21705,39.75056315587055,32.82305847848919,19.76200384440084
Suella Fernandes,1980-04-03,2015-06-01,4475,F,Fareham,3482,True,Fernandes,E14000699,54700,22262,40.69835466179159,32.89506071545783,19.36843616672137
Madeleine Moon,1950-03-27,2015-06-01,1490,F,Bridgend,3362,True,Moon,W07000073,39453,1927,4.884292702709553,34.53983198327344,18.65461420004257
Melanie Onn,1979-06-19,2015-06-01,4464,F,Great Grimsby,3502,True,Onn,E14000716,33731,4540,13.45942901188817,39.86945140124429,15.47204877440704
Richard Benyon,1960-10-21,2015-06-01,1547,M,Newbury,3624,True,Benyon,E14000830,57300,26368,46.0174520069808,35.77880938869301,15.20034235424361
Alan Whitehead,1950-09-15,2015-06-01,62,M,"Southampton, Test",3761,True,Whitehead,E14000956,43652,3810,8.728122422798497,46.42536926053513,11.68703694964844
Rebecca Pow,1960-10-10,2015-06-01,4522,F,Taunton Deane,3796,True,Pow,E14000988,57887,15491,26.76075802857291,34.48047410311561,19.97694827883507
Julie Cooper,1960-06-20,2015-06-01,4405,F,Burnley,3377,True,Cooper,E14000609,39746,3244,8.161827605293615,37.81228821833469,16.23496709128293
Tasmina Ahmed-Sheikh,1970-10-05,2015-06-01,4427,F,Ochil and South Perthshire,2234,False,Ahmed-Sheikh,S14000050,57871,10168,17.57011283717233,33.12504974926371,18.14853140173525
Johnny Mercer,1981-08-17,2015-06-01,4485,M,"Plymouth, Moor View",3679,True,Mercer,E14000879,42606,1026,2.408111533586819,37.35359671357399,17.82623896512543
Richard Graham,1958-04-04,2015-06-01,3990,M,Gloucester,3497,True,Graham,E14000712,52575,7251,13.79172610556348,39.66172117407896,14.44862512928421
Gavin Robinson,1984-11-22,2015-06-01,4360,M,Belfast East,3314,False,Robinson,N06000001,39682,2597,6.544529005594477,35.311,17.4
Nadhim Zahawi,1967-06-02,2015-06-01,4113,M,Stratford-on-Avon,3783,True,Zahawi,E14000977,51459,22876,44.45480868264055,29.71070177421178,22.81387727426828
Stephen Twigg,1966-12-25,2015-06-01,167,M,"Liverpool, West Derby",3584,False,Twigg,E14000796,41031,27367,66.69835002802759,38.97853916078509,14.95631620221567
Maria Caulfield,1973-08-06,2015-06-01,4492,F,Lewes,3574,True,Caulfield,E14000786,50540,1083,2.142857142857143,30.28279208998549,24.24482946298984
Conor McGinn,1984-07-31,2015-06-01,4458,M,St Helens North,3767,True,McGinn,E14000962,46256,17291,37.38109650639917,35.23487846826499,17.54802213058704
Danny Kinahan,1958-04-14,2015-06-01,4381,M,South Antrim,3736,True,Kinahan,N06000014,36523,949,2.598362675574296,39.364,13.5
Scott Mann,1977-06-24,2015-06-01,4496,M,North Cornwall,3635,True,Mann,E14000837,48245,6621,13.72370193802467,30.97119755144926,23.02939631346932
Fabian Hamilton,1955-04-12,2015-06-01,415,M,Leeds North East,3567,True,Hamilton,E14000779,48291,7250,15.01314944813733,37.76844172850284,15.20296813618507
Andrew Rosindell,1966-03-17,2015-06-01,1447,M,Romford,3703,True,Rosindell,E14000900,49178,13859,28.18130058156086,37.51225311281206,16.27839072309008
Albert Owen,1959-08-10,2015-06-01,1474,M,Ynys Môn,3875,True,Owen,W07000041,34926,229,0.6556719922121056,32.12140327737237,22.43121962409141
Flick Drummond,1962-06-16,2015-06-01,4459,F,Portsmouth South,3685,True,Drummond,E14000884,41903,5241,12.50745769992602,49.22745305720471,12.03370776077524
Patrick Grady,1980-02-05,2015-06-01,4432,M,Glasgow North,1205,False,Grady,S14000031,36922,9295,25.17469259520069,46.48361159193702,11.10614774694288
Oliver Colvile,1959-08-26,2015-06-01,4022,M,"Plymouth, Sutton and Devonport",3680,True,Colvile,E14000880,47963,523,1.090423868398557,46.35250773600487,12.51916986542528
Anne-Marie Trevelyan,1969-04-06,2015-06-01,4531,F,Berwick-upon-Tweed,3319,True,Trevelyan,E14000554,40423,4914,12.15644558790787,29.59137853614728,22.13344251036742
Susan Elan Jones,1968-06-01,2015-06-01,3956,F,Clwyd South,3420,False,Jones,W07000062,35064,2402,6.850330823636779,35.74250652668612,17.31561239162909
James Heappey,1981-01-30,2015-06-01,4528,M,Wells,3838,True,Heappey,E14001026,56904,7585,13.32946717278223,32.51967208354707,21.59331778278922
Mike Wood,1976-03-17,2015-06-01,4384,M,Dudley South,3452,True,Wood,E14000672,38210,4270,11.17508505626799,36.16914423463238,18.73744475693049
Nia Griffith,1956-12-04,2015-06-01,1541,F,Llanelli,3585,False,Griffith,W07000045,38574,7095,18.39321822989579,35.48279894147332,19.40673272201366
Gavin Shuker,1981-10-10,2015-06-01,4013,M,Luton South,3590,False,Shuker,E14000801,42216,5711,13.52804623839303,47.45144309312035,10.40206934107823
Phil Wilson,1959-05-31,2015-06-01,1603,M,Sedgefield,3718,False,Wilson,E14000915,38716,6843,17.67486310569274,33.80142687277051,18.40071343638526
Robert Jenrick,1982-01-09,2015-06-01,4320,M,Newark,3623,True,Jenrick,E14000829,52302,18474,35.32178501778135,32.48531894033577,19.30117145254051
Jonathan Reynolds,1980-08-28,2015-06-01,4119,M,Stalybridge and Hyde,3772,False,Reynolds,E14000967,41034,6686,16.2938051372033,37.17898408545891,15.05886200130804
Mary Creagh,1967-12-02,2015-06-01,1579,F,Wakefield,3821,False,Creagh,E14001009,42973,2613,6.080562213482884,35.97618697014957,16.01594547405179
Justine Greening,1969-04-30,2015-06-01,1555,F,Putney,3689,False,Greening,E14000887,42813,10180,23.77782449256067,42.34549659514326,10.08394363784316
Ian Liddell-Grainger,1959-02-23,2015-06-01,1396,M,Bridgwater and West Somerset,3363,True,Liddell-Grainger,E14000595,54447,14583,26.78384483993608,32.65852512916862,21.99436355096289
Andrew Bingham,1962-06-23,2015-06-01,3994,M,High Peak,3534,True,Bingham,E14000748,50789,4894,9.635944791194943,33.88196981032434,17.2391409585002
Rory Stewart,1973-01-03,2015-06-01,4137,M,Penrith and The Border,3677,False,Stewart,E14000877,43921,19894,45.29496140798251,29.80459208597949,21.69027845627748
Emma Lewell-Buck,1978-11-08,2015-06-02,4277,F,South Shields,3749,True,Lewell-Buck,E14000944,36265,10614,29.26788914931752,35.29661943762607,18.3245437091404
Jeremy Hunt,1966-11-01,2015-06-02,1572,M,South West Surrey,3758,False,Hunt,E14000953,57119,28556,49.99387244174443,33.64814940511398,18.96556739617373
James Gray,1954-11-07,2015-06-02,261,M,North Wiltshire,3659,True,Gray,E14000860,50556,21046,41.62908457947622,33.74884267100241,17.37348418128853
Clive Lewis,1971-09-11,2015-06-02,4500,M,Norwich South,3663,True,Lewis,E14000864,48463,7654,15.7934919423065,43.10644460535843,15.53429192096824
Caroline Nokes,1972-06-26,2015-06-02,4048,F,Romsey and Southampton North,3704,True,Nokes,E14000901,48398,17712,36.59655357659408,37.47506799637353,17.99297370806891
Ronnie Campbell,1943-08-14,2015-06-02,514,M,Blyth Valley,3341,True,Campbell,E14000575,38461,9229,23.99573594030316,34.54133910969406,17.12098717355855
Ben Gummer,1978-02-19,2015-06-02,3988,M,Ipswich,3547,False,Gummer,E14000761,48694,3733,7.666242247504826,40.57961707475941,14.29410199719274
Jeremy Lefroy,1959-05-30,2015-06-02,4109,M,Stafford,3770,True,Lefroy,E14000965,48767,9177,18.81805319170751,35.03963046559235,18.29300299196893
Valerie Vaz,1954-12-07,2015-06-02,4076,F,Walsall South,3824,True,Vaz,E14001012,41838,6007,14.3577608872317,43.10203003930091,14.82060708228819
Alistair Burt,1955-05-25,2015-06-02,1201,M,North East Bedfordshire,3640,False,Burt,E14000841,58672,25644,43.70739023725116,34.14657891662448,16.34701507068032
Kevin Barron,1946-10-26,2015-06-02,392,M,Rother Valley,3706,True,Barron,E14000903,47019,7297,15.51925817222825,34.13136309825808,18.82927447995941
Karin Smyth,1964-09-08,2015-06-02,4444,F,Bristol South,3369,True,Smyth,E14000601,50842,7128,14.01990480311554,40.2086340986355,14.59693568667629
Graham Evans,1963-11-10,2015-06-02,4081,M,Weaver Vale,3836,True,Evans,E14001024,46867,806,1.719760172402757,34.85293617214352,15.87472634671446
Michael Tomlinson,1977-10-01,2015-06-02,4497,M,Mid Dorset and North Poole,3605,True,Tomlinson,E14000815,46499,10530,22.64564829351169,31.61536271706708,21.6120208433899
Margaret Ritchie,1958-03-25,2015-06-02,4130,F,South Down,3741,True,Ritchie,N06000015,42697,5891,13.79722228728014,40.949,13.5
Philippa Whitford,1958-12-24,2015-06-02,4385,F,Central Ayrshire,614,False,Whitford,S14000010,50774,13589,26.76369795564659,32.97380760453684,19.05448517807877
Jake Berry,1978-12-29,2015-06-02,4060,M,Rossendale and Darwen,3705,True,Berry,E14000902,49024,5654,11.53312663185379,35.86585808324263,15.10185041206655
Liz Kendall,1971-06-11,2015-06-02,4026,F,Leicester West,3572,False,Kendall,E14000784,34522,7203,20.86495568043566,46.82354555433589,10.61235690763682
Jane Ellison,1964-08-15,2015-06-02,3918,F,Battersea,3310,False,Ellison,E14000549,51031,7938,15.55525072994846,43.52772493416676,78.86869898509029
Sarah Wollaston,1962-02-17,2015-06-02,4073,F,Totnes,3810,True,Wollaston,E14001001,47097,18285,38.82412892540926,28.24551021147598,26.33365137260112
Iain Stewart,1950-08-28,2015-06-02,4015,M,Milton Keynes South,3613,True,Stewart,E14000822,58949,8672,14.7110213913722,40.53832770443149,10.89409004668446
Barry Sheerman,1940-08-17,2015-06-02,411,M,Huddersfield,3542,True,Sheerman,E14000756,40478,7345,18.14565937052226,41.52220449966421,14.96075386165212
Luciana Berger,1981-05-13,2015-06-02,4036,F,"Liverpool, Wavertree",3583,False,Berger,E14000795,40974,24303,59.31322301947577,41.97986907246916,13.79329187659151
Jonathan Djanogly,1965-06-03,2015-06-02,1425,M,Huntingdon,3543,True,Djanogly,E14000757,55927,19403,34.69343966241708,35.89079031456365,16.13647660299652
Andy Burnham,1970-01-07,2015-06-02,1427,M,Leigh,3573,False,Burnham,E14000785,45123,14096,31.23905768676728,36.36902045690651,15.59559987184093
Andrea Jenkyns,1974-06-16,2015-06-02,4490,F,Morley and Outwood,3619,True,Jenkyns,E14000826,48250,422,0.8746113989637306,34.96004891546537,15.34619091540319
Jamie Reed,1973-08-04,2015-06-02,1503,M,Copeland,3425,False,Reed,E14000647,39631,2564,6.469682824051878,32.00603280958327,19.64371808977513
Derek Thomas,1972-07-20,2015-06-02,4532,M,St Ives,3769,True,Thomas,E14000964,48312,2469,5.110531544957774,30.04102648500594,23.02890662654143
Heidi Alexander,1975-04-17,2015-06-02,4038,F,Lewisham East,3575,False,Alexander,E14000787,42923,14333,33.3923537497379,40.97998160577657,11.24689352875565
Ian Lavery,1963-01-06,2015-06-02,4139,M,Wansbeck,3826,True,Lavery,E14001014,38528,10881,28.24179817275748,33.52625152625153,19.17948717948718
John Pugh,1948-06-28,2015-06-02,1454,M,Southport,3763,True,Pugh,E14000958,44101,1322,2.997664452053241,31.7445038227061,23.16969274515661
Julian Knight,1972-01-05,2015-06-02,4410,M,Solihull,3734,True,Knight,E14000931,54779,12902,23.5528213366436,33.31714178734428,20.7707175890788
Tulip Siddiq,1982-09-16,2015-06-02,4518,F,Hampstead and Kilburn,3513,True,Siddiq,E14000727,53964,1138,2.10881328292936,39.19562424512843,11.03862634530614
Norman Lamb,1957-09-16,2015-06-02,1439,M,North Norfolk,3647,True,Lamb,E14000848,49414,4043,8.181891771562714,26.60050800401678,29.55520113414851
Pauline Latham,1948-02-04,2015-06-02,4025,F,Mid Derbyshire,3604,True,Latham,E14000814,47729,12774,26.76360284104004,31.91021649754034,20.19059388293448
Jack Dromey,1948-09-29,2015-06-02,3913,M,"Birmingham, Erdington",3326,False,Dromey,E14000561,34684,5129,14.78779840848807,42.19763136901962,14.14019513592014
James Morris,1967-02-04,2015-06-02,3992,M,Halesowen and Rowley Regis,3508,True,Morris,E14000722,43818,3082,7.033639143730887,36.19372645128781,18.57213206747672
Paula Sherriff,1975-04-16,2015-06-02,4426,F,Dewsbury,3446,True,Sherriff,E14000666,53630,1451,2.705575237740071,39.52317784521451,14.97610437753266
Paul Farrelly,1962-03-02,2015-06-02,1436,M,Newcastle-under-Lyme,3628,True,Farrelly,E14000834,42997,650,1.511733376747215,37.69745348248918,17.6536061611108
Andrew Percy,1977-09-18,2015-06-02,3939,M,Brigg and Goole,3364,True,Percy,E14000596,43270,11176,25.8285186041137,32.74975203561461,19.0874910617489
John Woodcock,1978-10-14,2015-06-02,3917,M,Barrow and Furness,3304,False,Woodcock,E14000543,43275,795,1.837088388214904,32.99371805552428,19.71269673293855
Steve Rotheram,1961-11-04,2015-06-02,4035,M,"Liverpool, Walton",3582,True,Rotheram,E14000794,38403,27777,72.33028669635185,39.43140754930559,14.55004571378815
Jo Cox,1974-06-22,2015-06-02,4375,F,Batley and Spen,3309,True,Cox,E14000548,50479,6057,11.9990491095307,39.5666317574769,14.70263857867079
Karen Buck,1958-08-30,2015-06-02,199,F,Westminster North,3849,True,Buck,E14001036,39514,1977,5.003289973174065,40.10327906757671,10.63020784270067
Grahame Morris,1961-03-13,2010-05-27,3973,M,Easington,3458,True,Morris,E14000677,34624,14641,42.2856977818854,36.13309330788097,17.68053256654061
Grahame Morris,1961-03-13,2010-05-27,3973,M,Easington,3458,True,Morris,E14000677,34624,14641,42.2856977818854,36.13309330788097,17.68053256654061
Anne Main,1957-05-17,2015-06-02,1568,F,St Albans,3765,True,Main,E14000960,54433,12732,23.39022284276082,36.5061486950022,14.64218793197014
Helen Whately,1976-06-23,2015-06-02,4527,F,Faversham and Mid Kent,3483,True,Whately,E14000700,45803,16652,36.35569722507259,34.83686048015172,17.93888194474376
Heidi Allen,1975-01-18,2015-06-02,4516,F,South Cambridgeshire,3738,True,Allen,E14000934,61540,20594,33.46441338966526,34.67447430491681,16.77306546941452
Steve Baker,1971-06-06,2010-06-08,4064,M,Wycombe,3870,True,Baker,E14001056,51439,14856,28.88081028013764,41.25497454881999,13.1568718186025
James Davies,1980-02-27,2015-06-02,4476,M,Vale of Clwyd,3818,True,Davies,W07000060,35261,237,0.6721306826238621,34.47771480007314,20.75638879903236
Ann Clwyd,1937-03-21,2015-06-02,553,F,Cynon Valley,3435,True,Clwyd,W07000070,30472,9406,30.86768180624836,37.37382526975287,17.37730595196659
Henry Bellingham,1955-03-29,2015-06-02,1441,M,North West Norfolk,3658,True,Bellingham,E14000859,47371,13948,29.44417470604378,32.00874647828098,23.3947268828056
Caroline Ansell,1971-01-12,2015-06-02,4512,F,Eastbourne,3467,True,Ansell,E14000684,52907,733,1.385449940461565,33.45655673267697,23.16007187511699
Douglas Carswell,1971-05-03,2015-06-02,1527,M,Clacton,3418,True,Carswell,E14000642,44207,3437,7.77478679847083,28.80539837626964,30.20771096193723
Thangam Debbonaire,1966-08-03,2015-06-02,4433,F,Bristol West,3370,True,Debbonaire,E14000602,64218,5673,8.833971783612071,52.63368941070799,72.02547075995253
Mims Davies,1975-06-04,2015-06-02,4513,F,Eastleigh,3468,True,Davies,E14000685,55505,9147,16.47959643275381,36.06969729094186,15.64526854466428
Kit Malthouse,1966-10-27,2015-06-02,4495,M,North West Hampshire,3656,True,Malthouse,E14000857,55195,23943,43.37892925083794,33.83043194106114,17.23704275840215
Joan Ryan,1955-09-08,2015-06-02,166,F,Enfield North,3474,True,Ryan,E14000691,46137,1086,2.353859158592887,42.63437260438803,12.12579934596761
Angela Rayner,1980-03-28,2015-06-02,4356,F,Ashton-under-Lyne,3298,True,Rayner,E14000537,38918,10756,27.63759699881803,37.98351089695416,15.56739313027718
Lucy Allan,1964-10-02,2015-06-02,4411,F,Telford,3797,True,Allan,E14000989,40645,730,1.796038873170132,40.06684447592382,13.26043891587999
Richard Drax,1958-01-29,2015-06-02,4132,M,South Dorset,3740,True,Drax,E14000936,48597,11994,24.6805358355454,31.70686637898238,22.2502418504549
Sharon Hodgson,1966-04-01,2015-06-02,1521,F,Washington and Sunderland West,3832,False,Hodgson,E14001020,37257,13157,35.31416914942159,36.31839673207777,15.31274331689593
Will Quince,1982-12-27,2015-06-02,4423,M,Colchester,3422,True,Quince,E14000644,48593,5575,11.47284588315189,42.16646717613479,13.29067305036369
Jim Dowd,1951-03-05,2015-06-02,189,M,Lewisham West and Penge,3576,True,Dowd,E14000788,48125,12714,26.4187012987013,39.25542252790278,10.16104837111885
Natalie McGarry,1981-09-07,2015-06-02,4428,F,Glasgow East,1204,False,McGarry,S14000030,42417,10387,24.48782327840253,37.24628727031418,15.54541086016338
Ruth Cadbury,1959-05-14,2015-06-02,4389,F,Brentford and Isleworth,3360,True,Cadbury,E14000593,57355,465,0.8107401272774823,40.77055913376272,10.56348984100314
Fiona Bruce,1964-04-25,2015-06-02,3958,F,Congleton,3424,True,Bruce,E14000646,50976,16773,32.90371939736347,30.87320574162679,20.33601565898217
David Simpson,1959-02-16,2015-06-02,1597,M,Upper Bann,3816,False,Simpson,N06000017,47219,2264,4.794680107583812,40.127,13.6
Alex Chalk,1976-08-08,2015-06-02,4481,M,Cheltenham,3406,True,Chalk,E14000630,53735,6516,12.12617474644087,39.12193540389255,16.2958795426588
Kate Osamor,1968-08-15,2015-06-02,4515,F,Edmonton,3470,True,Osamor,E14000687,41338,15419,37.29982098795298,46.2827617594303,10.41861876333003
Angela Crawley,1987-06-03,2015-06-02,4469,F,Lanark and Hamilton East,1678,False,Crawley,S14000042,55258,10100,18.27789641318904,32.93201932050086,18.04067150021023
Christina Rees,1954-02-21,2015-06-02,4525,F,Neath,3620,True,Rees,W07000069,37135,9548,25.71159283694628,33.94725769893728,18.9171948587793
Debbie Abrahams,1960-09-15,2015-06-02,4212,F,Oldham East and Saddleworth,3670,True,Abrahams,E14000870,44483,6002,13.49279500033721,39.96122085412546,14.59336030157183
Colleen Fletcher,1954-11-23,2015-06-02,4378,F,Coventry North East,3427,True,Fletcher,E14000649,42231,12274,29.06395775615069,44.13225832722535,13.05480902353612
Gerald Jones,1970-08-21,2015-06-02,4501,M,Merthyr Tydfil and Rhymney,3602,True,Jones,W07000071,32715,11513,35.19180803912578,37.75857484711513,16.74155809625099
Alison McGovern,1980-12-30,2015-06-02,4083,F,Wirral South,3856,False,McGovern,E14001043,41837,4599,10.99266199775318,31.51205885606815,22.14570195818122
Fiona Mactaggart,1953-09-12,2015-06-02,12,F,Slough,3733,True,Mactaggart,E14000930,48275,7336,15.19627136198861,45.28974695631415,92.33259727858676
Edward Timpson,1973-12-26,2015-06-02,1605,M,Crewe and Nantwich,3431,False,Timpson,E14000653,49896,3620,7.255090588423922,37.12932665864959,16.70162485667142
Martin John Docherty,1971-01-21,2015-06-02,4374,M,West Dunbartonshire,3117,True,Docherty,S14000059,51141,14171,27.70966543477836,35.56547619047619,16.44179894179894
Richard Burden,1954-09-01,2015-06-03,301,M,"Birmingham, Northfield",3330,False,Burden,E14000565,42461,2509,5.908951743953274,40.16288379247106,15.13971327719824
Michael Fabricant,1950-06-12,2015-06-03,280,M,Lichfield,3579,True,Fabricant,E14000791,51467,18189,35.34109235043815,31.90514599128892,20.06452653653815
Daniel Kawczynski,1972-01-24,2015-06-03,1566,M,Shrewsbury and Atcham,3729,True,Kawczynski,E14000926,54102,9565,17.67956822298621,34.42988025238812,19.16645504092516
Desmond Swayne,1956-08-20,2015-06-03,55,M,New Forest West,3622,False,Swayne,E14000828,47410,20604,43.45918582577515,27.02101859337106,29.40225403014884
Caroline Spelman,1958-05-04,2015-06-03,312,F,Meriden,3601,True,Spelman,E14000812,52603,18795,35.72990133642568,36.05607424645596,17.6817452738348
Kerry McCarthy,1965-03-26,2015-06-03,1491,F,Bristol East,3367,False,McCarthy,E14000599,46213,3980,8.612295241598684,39.30353997147891,14.95050750775942
Paul Scully,1968-04-29,2015-06-03,4414,M,Sutton and Cheam,3790,True,Scully,E14000984,49905,3921,7.856928163510671,35.60491014932929,15.54247869737619
Julian Sturdy,1971-06-03,2015-06-03,4079,M,York Outer,3877,True,Sturdy,E14001062,53903,13129,24.35671483961932,33.25684156598216,20.99325449344661
Huw Irranca-Davies,1963-01-22,2015-06-03,1476,M,Ogmore,3668,True,Irranca-Davies,W07000074,35250,13043,37.00141843971631,36.18373518156761,16.05207524953839
David T. C. Davies,1970-06-26,2010-06-03,1545,M,Monmouth,3616,True,Davies,W07000054,47462,10982,23.13851080864692,30.93523461478748,22.20032723060203
Adrian Bailey,1945-12-11,2015-06-03,320,M,West Bromwich West,3842,True,Bailey,E14001030,35026,7742,22.10358019756752,41.21142907828941,14.32515439456265
Tom Blenkinsop,1980-08-14,2015-06-03,4037,M,Middlesbrough South and East Cleveland,3611,False,Blenkinsop,E14000820,45677,2268,4.965299822667864,34.62284273802598,18.57022816883201
Diane Abbott,1953-09-27,2015-06-03,172,F,Hackney North and Stoke Newington,3506,True,Abbott,E14000720,49887,24008,48.1247619620342,48.08647567871536,68.58227373551188
Glyn Davies,1944-02-16,2015-06-03,4041,M,Montgomeryshire,3617,True,Davies,W07000063,33757,5325,15.7745060283793,32.32098339578859,21.37067059690493
Stephen Timms,1955-07-29,2015-06-03,163,M,East Ham,3461,False,Timms,E14000679,52290,34252,65.50392044367948,52.3951895997117,65.40222367560497
Kenneth Clarke,1940-07-02,2015-06-03,366,M,Rushcliffe,3711,True,Clarke,E14000908,55164,13829,25.06888550503952,34.03641418236577,18.29028147804935
Tom Watson,1967-01-08,2015-06-03,1463,M,West Bromwich East,3841,True,Watson,E14001029,37492,9470,25.25872186066361,39.68874247415654,16.48869703510167
Hywel Williams,1953-05-14,2015-06-03,1397,M,Arfon,3294,False,Williams,W07000057,26837,3668,13.66769758169691,42.42154095058854,15.92458686213329
Tim Farron,1970-05-27,2015-06-03,1591,M,Westmorland and Lonsdale,3850,True,Farron,E14001037,48929,8949,18.28976680496229,28.30348312062822,24.50696504963119
Mark Williams,1966-03-24,2015-06-03,1498,M,Ceredigion,3400,True,Williams,W07000064,37416,3067,8.19702800940774,38.06143146913938,20.68570374858407
Chuka Umunna,1978-10-17,2015-06-03,4128,M,Streatham,3784,False,Umunna,E14000978,49933,13934,27.90539322692408,44.06411348504077,79.25525441997112
Bridget Phillipson,1983-12-19,2015-06-03,4046,F,Houghton and Sunderland South,3540,False,Phillipson,E14000754,38489,12938,33.61479903349009,34.2107077998207,18.44095538033609
Sajid Javid,1969-12-05,2015-06-03,3945,M,Bromsgrove,3373,False,Javid,E14000605,52245,16529,31.63747727055221,31.9852195179256,20.43529801253778
Steve McCabe,1955-08-04,2015-06-03,298,M,"Birmingham, Selly Oak",3332,False,McCabe,E14000567,45294,8447,18.64926921888109,46.01843043423948,13.74499120758742
Geoffrey Robinson,1938-05-25,2015-06-03,307,M,Coventry North West,3428,True,Robinson,E14000650,45246,4509,9.965521814083013,40.20243476881592,16.21956538980093
Kevin Hollinrake,1963-09-28,2015-06-03,4474,M,Thirsk and Malton,3801,True,Hollinrake,E14000993,52365,19456,37.15458798816003,29.88375331359787,23.37517663926394
Robert Neill,1952-06-24,2010-05-27,1601,M,Bromley and Chislehurst,3372,False,Neill,E14000604,44066,13564,30.78110107565924,36.18855279636253,16.54462784741575
Michelle Thomson,1965-03-11,2015-06-03,4422,F,Edinburgh West,1054,False,Thomson,S14000026,54858,3210,5.851471070764519,33.56073526624976,18.60459931556477
James Cartlidge,1974-04-30,2015-06-03,4519,M,South Suffolk,3751,True,Cartlidge,E14000946,51907,17545,33.80083611073651,31.29087104368297,21.71614787688552
Catherine McKinnell,1976-06-08,2015-06-03,4125,F,Newcastle upon Tyne North,3627,False,McKinnell,E14000833,44891,10153,22.61700563587356,35.67963034270312,18.05159799768964
Stephen Kinnock,1970-01-01,2015-06-03,4359,M,Aberavon,3287,True,Kinnock,W07000049,31523,10445,33.13453668749802,35.16701193050368,18.31612054496242
David Jones,1952-03-22,2015-06-03,1502,M,Clwyd West,3421,True,Jones,W07000059,38028,6730,17.69748606290102,31.27029220779221,23.93127705627706
Ranil Jayawardena,1986-09-03,2015-06-03,4498,M,North East Hampshire,3643,True,Jayawardena,E14000844,54000,29916,55.40000000000001,33.63340236655601,16.59190958382333
Andrew Murrison,1961-04-24,2015-06-03,1466,M,South West Wiltshire,3759,True,Murrison,E14000954,51643,18168,35.17998567085569,34.27162670548317,19.43968919459166
John Hayes,1958-06-23,2015-06-03,350,M,South Holland and The Deepings,3744,False,Hayes,E14000939,49207,18567,37.73243644196964,31.6939675539455,21.64218774610175
Wendy Morton,1967-11-09,2015-06-03,4358,F,Aldridge-Brownhills,3290,True,Morton,E14000531,39497,11723,29.68073524571486,32.65258398939902,21.61898822979188
Helen Hayes,1974-08-08,2015-06-03,4510,F,Dulwich and West Norwood,3453,True,Hayes,E14000673,51362,16122,31.38896460418208,41.3507987914096,86.7091241338134
Byron Davies,1952-09-04,2015-06-03,4499,M,Gower,3499,True,Davies,W07000046,42758,27,0.06314607792693765,32.26589907349106,21.01543324894948
Anna Turley,1978-10-09,2015-06-03,4449,F,Redcar,3693,True,Turley,E14000891,40919,10388,25.38673965639434,35.74075352712376,19.12932403507561
Craig Williams,1985-06-07,2015-06-03,4438,M,Cardiff North,3390,True,Williams,W07000051,51151,2137,4.177826435455807,38.13014957895454,16.53426243275756
Craig Whittaker,1962-08-30,2015-06-03,3940,M,Calder Valley,3383,True,Whittaker,E14000614,53541,4427,8.268429801460563,32.98821884014336,16.72575052689853
Robin Walker,1978-04-12,2015-06-03,4091,M,Worcester,3865,True,Walker,E14001052,49723,5646,11.35490618023852,38.92758788271505,14.79122792807387
Kirsty Blackman,1986-03-20,2015-06-03,4357,F,Aberdeen North,14,False,Blackman,S14000001,43936,13396,30.48980335032775,44.83111566018424,12.94679591386196
Gordon Marsden,1953-11-28,2015-06-03,465,M,Blackpool South,3338,False,Marsden,E14000573,32436,2585,7.969540017264768,35.74803730957596,18.07767085866168
Steve Double,1966-12-19,2015-06-03,4452,M,St Austell and Newquay,3766,True,Double,E14000961,50361,8173,16.22882786283036,32.97921757922162,20.96924040151072
Peter Kyle,1970-09-09,2015-06-03,4505,M,Hove,3541,True,Kyle,E14000755,52214,1236,2.367181215765886,35.47762974547132,14.60607701021523
Emma Reynolds,1977-11-02,2015-06-03,4077,F,Wolverhampton North East,3862,False,Reynolds,E14001049,34003,5495,16.16033879363586,40.71582316282948,15.43662733696203
Greg Clark,1967-08-28,2015-06-03,1578,M,Tunbridge Wells,3813,False,Clark,E14001004,51428,22874,44.47771641907132,35.9731607499762,16.3605215570572
Anna Soubry,1956-12-07,2015-06-03,3938,F,Broxtowe,3375,False,Soubry,E14000607,53440,4287,8.022080838323353,34.15147781954492,18.18555137884196
Mark Menzies,1971-05-18,2015-06-03,3998,M,Fylde,3491,True,Menzies,E14000706,43557,13224,30.36021764584338,29.99121029372269,23.3330077886564
Bernard Jenkin,1959-04-09,2015-06-03,40,M,Harwich and North Essex,3520,True,Jenkin,E14000734,48432,15174,31.33052527254708,32.71470878578479,21.07381814193266
Andrew Griffiths,1970-10-19,2015-06-03,3936,M,Burton,3378,True,Griffiths,E14000610,48974,10892,22.24037244252052,37.26431164886938,16.24923343489307
Tracey Crouch,1975-07-24,2015-06-04,3950,F,Chatham and Aylesford,3402,False,Crouch,E14000626,43073,11455,26.59438627446428,40.10341176591524,13.40035567068595
Laurence Robertson,1958-03-29,2015-06-04,253,M,Tewkesbury,3798,True,Robertson,E14000990,55344,21972,39.70078057241977,32.2395907636497,20.07764892901543
Matt Warman,1981-09-01,2015-06-04,4361,M,Boston and Skegness,3348,True,Warman,E14000582,43339,4336,10.0048455202012,33.0327288462295,21.58943393257543
Edward Vaizey,1968-06-05,2010-06-03,1580,M,Wantage,3827,False,Vaizey,E14001015,58320,21749,37.29252400548697,35.28788148870896,16.80379776524782
Helen Goodman,1958-01-02,2015-06-04,1484,F,Bishop Auckland,3334,False,Goodman,E14000569,39389,3508,8.906039757292646,33.20748654510403,19.07324742090587
Alan Haselhurst,1937-06-23,2015-06-04,43,M,Saffron Walden,3713,True,Haselhurst,E14000910,57563,24991,43.41504091169675,33.86655420316009,17.76596475053698
Diana Johnson,1966-07-25,2015-06-04,1533,F,Kingston upon Hull North,3559,False,Johnson,E14000772,35336,12899,36.50384876613086,46.62335333762248,11.64924641135709
Diana Johnson,1966-07-25,2015-06-04,1533,F,Kingston upon Hull North,3559,False,Johnson,E14000772,35336,12899,36.50384876613086,46.62335333762248,11.64924641135709
Diana Johnson,1966-07-25,2015-06-04,1533,F,Kingston upon Hull North,3559,False,Johnson,E14000772,35336,12899,36.50384876613086,46.62335333762248,11.64924641135709
John Nicolson,1961-06-23,2015-06-04,4415,M,East Dunbartonshire,965,False,Nicolson,S14000018,54871,2167,3.949262816423976,31.94178895451501,20.5053887840224
Liz Saville Roberts,1965-12-16,2015-06-04,4521,F,Dwyfor Meirionnydd,3454,False,Roberts,W07000061,28913,5261,18.19596721198077,30.0973882970914,25.27528099052218
Andy McDonald,1958-03-08,2015-06-04,4269,M,Middlesbrough,3610,True,McDonald,E14000819,32706,12477,38.14896349293708,44.23693602514249,13.93703723432589
Carolyn Harris,1960-09-18,2015-06-04,4480,F,Swansea East,3792,True,Harris,W07000048,33618,12028,35.77845201975132,38.62620443031688,15.58185159431807
Thérèse  Coffey,1971-11-18,2010-05-27,4098,F,Suffolk Coastal,3787,True,Coffey,E14000981,55594,18842,33.89214663452891,29.18515673173148,25.28227885208285
Nic Dakin,1955-07-10,2010-06-03,4056,M,Scunthorpe,3717,True,Dakin,E14000914,36941,3134,8.48379848948323,38.0854528100612,16.7637976531357
Paul Beresford,1946-04-06,2015-06-04,103,M,Mole Valley,3615,True,Beresford,E14000824,55140,25453,46.16068190061661,31.46170277693012,20.50235181463281
John Stevenson,1963-07-04,2015-06-04,3942,M,Carlisle,3393,True,Stevenson,E14000620,42587,2774,6.513724845610162,35.78199327742821,17.82877214203468
Sue Hayman,1962-07-28,2015-06-04,4395,F,Workington,3866,True,Hayman,E14001053,38463,4686,12.18313704079245,32.08784758112885,20.20596454959611
Gary Streeter,1955-10-02,2015-06-04,234,M,South West Devon,3755,True,Streeter,E14000950,50372,20109,39.92098785039308,31.86715451730932,20.87925696594427
Derek Twigg,1959-07-09,2015-06-04,429,M,Halton,3511,True,Twigg,E14000725,45023,20285,45.05474979454945,37.65987683562292,15.65450813200695
Stephen Metcalfe,1966-01-09,2015-06-04,4092,M,South Basildon and East Thurrock,3737,True,Metcalfe,E14000933,45593,7691,16.8688175816463,37.55960613504531,15.03416386268398
David Anderson,1961-07-05,2015-06-04,1486,M,Blaydon,3340,True,Anderson,E14000574,44936,14227,31.66058394160584,32.59591531586639,19.81287026653527
David Nuttall,1962-03-25,2015-06-04,4140,M,Bury North,3379,True,Nuttall,E14000611,45230,378,0.8357284987839929,36.44545850627163,16.31199981655163
Tania Mathias,1964-06-21,2015-06-04,4404,F,Twickenham,3814,True,Mathias,E14001005,62004,2017,3.253015934455841,35.9494483164293,13.1967344610613
David Morris,1966-01-03,2015-06-04,4135,M,Morecambe and Lunesdale,3618,True,Morris,E14000825,43242,4590,10.61468017205495,33.06000022809439,21.39069146812951
Kelvin Hopkins,1941-08-22,2015-06-04,2,M,Luton North,3589,True,Hopkins,E14000800,42571,9504,22.32505696366071,42.87345750755455,13.82558339312966
Tom Pursglove,1988-11-05,2015-06-04,4369,M,Corby,3426,True,Pursglove,E14000648,56174,2412,4.293801402784206,37.02758426507052,15.20540604365162
Neil Gray,1986-03-16,2015-06-04,4365,M,Airdrie and Shotts,36,True,Gray,S14000003,44286,8779,19.82342049406133,37.11689673248296,14.90593511561535
Chris White,1967-04-28,2015-06-04,4114,M,Warwick and Leamington,3831,True,White,E14001019,50581,6606,13.06024001107135,39.07144327774347,14.95779287626107
Mary Glindon,1957-01-13,2015-06-04,4126,F,North Tyneside,3652,True,Glindon,E14000853,46818,17194,36.72519116579093,35.11985260970972,16.43636933811568
Stephen Hepburn,1959-12-06,2015-06-04,520,M,Jarrow,3552,True,Hepburn,E14000765,38564,13881,35.99471009231407,34.63007446552967,17.82969012731204
Stuart Andrew,1971-11-25,2015-06-04,4032,M,Pudsey,3688,True,Andrew,E14000886,50927,4501,8.838140868301688,34.83653142760677,17.01873839401272
Wayne David,1957-07-01,2015-06-04,1398,M,Caerphilly,3382,True,David,W07000076,40283,10073,25.00558548270983,37.48103012186709,15.81972867325822
Chris Leslie,1972-06-28,2015-06-04,422,M,Nottingham East,3664,False,Leslie,E14000865,35209,11894,33.78113550512653,48.75329802018086,95.00312179009488
Mark Garnier,1963-02-26,2015-06-04,4074,M,Wyre Forest,3872,True,Garnier,E14001058,49440,12871,26.03357605177993,32.24291911201837,20.88594029089053
George Osborne,1971-05-23,2015-06-04,1458,M,Tatton,3795,False,Osborne,E14000987,45298,18241,40.26888604353393,30.76749676699847,20.5001957597257
Luke Hall,1986-07-08,2015-06-04,4450,M,Thornbury and Yate,3802,True,Hall,E14000994,48570,1495,3.078031706814906,33.18621421508333,18.93977763307045
Edward Miliband,1969-12-24,2010-05-27,1510,M,Doncaster North,3449,False,Miliband,E14000669,39501,11780,29.82202982202982,37.63532158777329,16.82384692361343
Stewart Hosie,1963-01-03,2015-06-04,1514,M,Dundee East,922,False,Hosie,S14000015,48185,19162,39.76756251945626,35.49809125613525,18.40347209598255
Michael Meacher,1939-11-04,2015-06-04,454,M,Oldham West and Royton,3671,True,Meacher,E14000871,43137,14738,34.16556552379627,42.89681920948001,13.97150541825836
Huw Merriman,1973-07-13,2015-06-04,4442,M,Bexhill and Battle,3322,True,Merriman,E14000557,55218,20075,36.35589843891485,28.87408539914819,26.90639054076862
Lucy Frazer,1972-05-17,2015-06-04,4517,F,South East Cambridgeshire,3742,True,Frazer,E14000937,59506,16837,28.29462575202501,34.88617255769783,16.67552426837662
Chris Stephens,1973-03-20,2015-06-04,4463,M,Glasgow South West,1209,True,Stephens,S14000035,40921,9950,24.31514381368979,38.36078067135831,15.01089558103812
Jeremy Quin,1968-09-24,2015-06-04,4507,M,Horsham,3539,True,Quin,E14000753,56925,24658,43.31664470794905,34.25625892064961,16.93380395787525
Angela Smith,1959-01-07,2015-06-04,1564,F,Penistone and Stocksbridge,3676,False,Smith,E14000876,46854,6723,14.34882827506723,30.90884076082595,20.00894280047236
Peter Aldous,1961-08-26,2015-06-04,4069,M,Waveney,3834,True,Aldous,E14001022,52196,2408,4.613380335657904,32.86394597654039,22.86921560590979
Amanda Milling,1975-03-12,2015-06-04,4454,F,Cannock Chase,3387,True,Milling,E14000618,47099,4923,10.45245121977112,36.32492663807432,16.06472266113973
Matthew Pennycook,1982-10-29,2015-06-04,4520,M,Greenwich and Woolwich,3504,True,Pennycook,E14000718,46716,11946,25.57153865913178,45.03054302660085,83.60265653301131
Marcus Fysh,1970-11-08,2015-06-04,4446,M,Yeovil,3874,True,Fysh,E14001060,56933,5313,9.332021850245024,34.01852354775573,20.78701665995523
Jo Stevens,1966-09-06,2015-06-04,4425,F,Cardiff Central,3389,True,Stevens,W07000050,38646,4981,12.88878538529214,55.42072942324937,10.39762988524013
Nicola Blackwood,1979-10-16,2015-06-04,4019,F,Oxford West and Abingdon,3674,True,Blackwood,E14000874,57247,9582,16.73799500410502,37.80346275416332,16.67877529839128
Nigel Huddleston,1970-10-13,2015-06-04,4407,M,Mid Worcestershire,3609,True,Huddleston,E14000818,52225,20532,39.31450454763045,31.62385923306583,20.4491075020645
Roger Mullin,1948-03-12,2015-06-04,4468,M,Kirkcaldy and Cowdenbeath,1661,False,Mullin,S14000041,52892,9974,18.8572941087499,34.19074041605215,18.13756329995152
Simon Hoare,1969-06-28,2015-06-04,4494,M,North Dorset,3637,True,Hoare,E14000839,53385,21118,39.55792825700103,32.23695881291022,21.73305089167388
Edward Argar,1977-12-09,2015-06-04,4362,M,Charnwood,3401,True,Argar,E14000625,52261,16931,32.39700732860068,33.38434584371174,19.32494617300629
Iain Duncan Smith,1954-04-09,2015-06-04,152,M,Chingford and Woodford Green,3410,False,Smith,E14000634,43804,8386,19.14437037713451,37.30955541185946,15.80505734608447
Hugo Swire,1959-11-30,2015-06-04,1408,M,East Devon,3460,False,Swire,E14000678,54717,12261,22.40802675585284,29.29882072459449,26.7274043169143
Michael Fallon,1952-05-14,2015-06-08,88,M,Sevenoaks,3721,False,Fallon,E14000918,50124,19561,39.02521746069747,33.80462587363937,18.4960023974912
Vernon Coaker,1953-06-17,2015-06-08,360,M,Gedling,3495,False,Coaker,E14000710,47998,2986,6.22109254552273,34.47418758713108,17.61857931764884
Karen Lumley,1964-03-28,2015-06-08,4023,F,Redditch,3694,True,Lumley,E14000892,44098,7054,15.99619030341512,37.00725938646475,14.74402578141552
Nicholas Soames,1948-02-12,2015-06-08,116,M,Mid Sussex,3607,True,Soames,E14000817,57492,24286,42.24239894246156,34.2103024172583,17.66290732740284
Julian Brazier,1953-07-24,2015-06-08,77,M,Canterbury,3388,False,Brazier,E14000619,53465,9798,18.32600766856822,43.51299414348463,17.64275256222547
Kevan Jones,1964-04-25,2015-06-08,1438,M,North Durham,3639,False,Jones,E14000840,40146,13644,33.98595127783589,34.02161527571562,18.16465821852376
Philip Dunne,1958-08-14,2015-06-08,1542,M,Ludlow,3588,False,Dunne,E14000799,48063,18929,39.38372552691259,29.01115995144773,23.86721189766313
Mark Lancaster,1970-05-12,2015-06-08,1544,M,Milton Keynes North,3612,False,Lancaster,E14000821,57692,9753,16.90529016154753,40.27980755020608,11.22596430154846
Yvonne Fovargue,1956-11-29,2015-06-08,4034,F,Makerfield,3594,False,Fovargue,E14000805,44788,13155,29.3717067071537,35.65609661717684,16.45485835319036
Heather Wheeler,1959-05-14,2015-06-08,4053,F,South Derbyshire,3739,True,Wheeler,E14000935,50762,11471,22.59761238721878,35.47367642240332,15.46014734016129
Jack Lopresti,1969-08-23,2015-06-08,3989,M,Filton and Bradley Stoke,3486,True,Lopresti,E14000702,49101,9838,20.03625180749883,38.95370800099298,14.86654218518958
John Cryer,1964-04-11,2015-06-08,181,M,Leyton and Wanstead,3578,True,Cryer,E14000790,40703,14917,36.64840429452374,44.86144572531027,94.35320541739055
James Brokenshire,1968-01-07,2015-06-08,1530,M,Old Bexley and Sidcup,3669,False,Brokenshire,E14000869,46748,15803,33.80465474458801,35.97507195246495,18.66470151332281
Mark Pritchard,1966-11-22,2015-06-08,1576,M,The Wrekin,3800,True,Pritchard,E14000992,45437,10743,23.64372647842067,37.37899322362053,16.68023409310921
Mary Robinson,1944-05-21,2015-06-08,4406,F,Cheadle,3403,True,Robinson,E14000627,53095,6453,12.15368678783313,32.37972820056469,20.53327181042154
David Mundell,1962-05-27,2015-06-08,1512,M,"Dumfriesshire, Clydesdale and Tweeddale",914,False,Mundell,S14000014,52134,798,1.530670963286914,30.56105839965709,21.14018929783709
Stuart C. McDonald,1986-08-24,2015-06-08,4393,M,"Cumbernauld, Kilsyth and Kirkintilloch East",804,False,McDonald,S14000012,49382,14752,29.87323316188085,36.45474187468395,15.05194685790466
Callum McCaig,1985-01-06,2015-06-08,4364,M,Aberdeen South,20,False,McCaig,S14000002,48551,7230,14.89155733146588,37.61172569932509,15.04447568054766
David Mowat,1957-02-20,2015-06-08,4080,M,Warrington South,3830,True,Mowat,E14001018,59353,2750,4.63329570535609,35.75573517731159,16.05756202401533
Graham Stringer,1950-02-17,2015-06-08,449,M,Blackley and Broughton,3336,True,Stringer,E14000571,37112,16874,45.46777322698857,46.9012405872474,11.15535330552395
Ian Murray,1976-08-10,2015-06-08,3966,M,Edinburgh South,1047,False,Murray,S14000024,49286,2637,5.350403765775271,40.70012995451592,15.42861784089854
Alberto Costa,1971-11-13,2015-06-08,4439,M,South Leicestershire,3745,True,Costa,E14000940,53926,16824,31.19830879353188,34.58422386798549,16.8736020676972
Margaret Ferrier,1960-09-10,2015-06-08,4386,F,Rutherglen and Hamilton West,2501,False,Ferrier,S14000056,57615,9975,17.31319968758136,35.0594359412633,15.16102089969699
Antoinette Sandbach,1969-02-15,2015-06-08,4506,F,Eddisbury,3469,True,Sandbach,E14000686,47352,12974,27.39905389423889,32.18852545163664,19.78676444828513
Vicky Foxcroft,1977-03-09,2015-06-08,4491,F,"Lewisham, Deptford",3577,True,Foxcroft,E14000789,47426,21516,45.36751992577911,45.20194634263076,73.54622563748039
Daniel Zeichner,1956-11-09,2015-06-08,4382,M,Cambridge,3386,True,Zeichner,E14000617,51774,599,1.156951365550276,47.58497472546627,11.48509674045668
Patricia Gibson,1968-05-12,2015-06-08,4435,F,North Ayrshire and Arran,2104,True,Gibson,S14000048,53869,13573,25.19630956579851,32.90582631000366,19.79270271685075
Jeff Smith,1963-01-26,2015-06-08,4456,M,"Manchester, Withington",3598,True,Smith,E14000809,49966,14873,29.76624104390986,48.89630286658871,98.8186912873443
Kirsten Oswald,1972-12-21,2015-06-08,4413,F,East Renfrewshire,994,False,Oswald,S14000021,56730,3718,6.55385157764851,34.64570406518427,17.97425309691523
Douglas Chapman,1955-01-05,2015-06-08,4402,M,Dunfermline and West Fife,929,True,Chapman,S14000017,55890,10352,18.52209697620325,34.84000895054822,15.17931609674729
Mark Durkan,1960-06-26,2015-06-08,1594,M,Foyle,3490,True,Durkan,N06000008,37002,6046,16.33965731582077,41.859,11.9
David Gauke,1971-10-08,2015-06-08,1529,M,South West Hertfordshire,3756,False,Gauke,E14000951,57267,23263,40.62199870780729,34.38547512558281,17.05457273357453
Mark Francois,1965-08-14,2015-06-08,1444,M,Rayleigh and Wickford,3690,False,Francois,E14000888,53220,17230,32.3750469748215,32.41844029912072,19.71505464705399
David Lidington,1956-06-30,2015-06-09,15,M,Aylesbury,3299,False,Lidington,E14000538,55419,17158,30.96050091123983,37.4813703981412,14.18349116424598
Pat McFadden,1965-03-26,2015-06-09,1587,M,Wolverhampton South East,3863,False,McFadden,E14001050,34764,10778,31.00333678518007,40.08868525806049,15.94860337729794
Tobias Ellwood,1966-08-12,2015-06-09,1487,M,Bournemouth East,3350,False,Ellwood,E14000584,44827,14612,32.5964262609588,36.42611011042368,17.08923956457044
Mark Hendrick,1958-11-02,2015-06-09,473,M,Preston,3687,True,Hendrick,E14000885,33469,12067,36.05425916519764,47.9278328761342,11.34416543574594
Peter Grant,1960-10-12,2015-06-09,4466,M,Glenrothes,1274,True,Grant,S14000036,47598,13897,29.19660489936552,35.04786430050943,17.0374517158372
Jessica Morden,1968-05-29,2015-06-09,1548,F,Newport East,3629,True,Morden,W07000055,35108,4705,13.40150393072804,39.65105530734864,15.8039336517229
Mark Prisk,1962-06-12,2015-06-09,1424,M,Hertford and Stortford,3530,True,Prisk,E14000744,56277,21509,38.21987668141514,35.64862104187947,14.83820786985409
Eric Pickles,1952-04-20,2015-06-09,33,M,Brentwood and Ongar,3361,True,Pickles,E14000594,51897,21810,42.02555060986184,33.00128016179524,19.35303419860796
Steve Brine,1974-01-28,2015-06-09,4067,M,Winchester,3854,True,Brine,E14001041,55316,16914,30.57704823197628,35.94442103532265,19.287175112792
Stella Creasy,1977-04-05,2015-06-09,4088,F,Walthamstow,3825,False,Creasy,E14001013,41796,23195,55.49574121925544,45.24235370248869,81.68034297115842
Owen Paterson,1956-06-24,2015-06-09,274,M,North Shropshire,3648,True,Paterson,E14000849,52573,16494,31.37351872634242,34.11880922238846,19.53331798826102
Kate Hoey,1946-06-21,2015-06-09,210,F,Vauxhall,3820,True,Hoey,E14001008,47941,12708,26.50758223649903,46.50583602992116,72.74210097077162
Justin Madders,1972-11-22,2015-06-09,4418,M,Ellesmere Port and Neston,3471,True,Madders,E14000688,46727,6275,13.42906670661502,33.98225812018915,18.58180019099559
Mark Tami,1962-10-03,2015-06-09,1383,M,Alyn and Deeside,3292,False,Tami,W07000043,41314,3343,8.091688047635184,36.44748803102842,16.5868735228168
Alan Mak,1983-11-19,2015-06-09,4484,M,Havant,3522,True,Mak,E14000736,44828,13920,31.05202105826715,34.43265306122449,20.86204081632653
Tom Elliott,1963-12-11,2015-06-09,4367,M,Fermanagh and South Tyrone,3485,True,Elliott,N06000007,50864,530,1.041994337842089,39.438,14.1
Bill Wiggin,1966-06-04,2015-06-09,1428,M,North Herefordshire,3646,True,Wiggin,E14000847,48023,19996,41.63838160881244,29.5981857300692,23.44129790079665
Kevin Foster,1978-12-31,2015-06-09,4451,M,Torbay,3807,True,Foster,E14000999,48079,3286,6.834584745938975,32.02652061112713,22.50648601902566
Holly Lynch,1986-10-08,2015-06-09,4472,F,Halifax,3509,True,Lynch,E14000723,43753,428,0.9782186364363586,39.2851831656174,15.12021018192634
Nusrat Ghani,1972-09-01,2015-06-09,4460,F,Wealden,3835,True,Ghani,E14001023,57017,22967,40.28096883385657,32.40638440595036,20.90715384918913
Peter Heaton-Jones,1963-08-02,2015-06-09,4524,M,North Devon,3636,True,Heaton-Jones,E14000838,52320,6936,13.25688073394495,32.09454770623592,22.21486756274889
James Cleverly,1969-09-04,2015-06-09,4366,M,Braintree,3356,True,Cleverly,E14000590,50283,17610,35.02177674363105,35.31275551921505,16.69358135731807
Matthew Offord,1969-09-03,2015-06-09,4006,M,Hendon,3527,True,Offord,E14000741,49630,3724,7.503526093088858,44.40208392229717,11.60050078752877
Rupa Huq,1972-04-02,2015-06-09,4511,F,Ealing Central and Acton,3455,True,Huq,E14000674,50894,274,0.5383738751129798,40.44666259137993,10.59379160770062
Nick Hurd,1962-05-13,2015-06-09,1561,M,"Ruislip, Northwood and Pinner",3709,True,Hurd,E14000906,51222,20224,39.48303463355589,33.61005591361134,18.81322292884886
Mark Field,1964-10-06,2015-06-09,1405,M,Cities of London and Westminster,3415,True,Field,E14000639,36185,9671,26.72654414812768,37.6809090909091,11.94181818181818
Zac Goldsmith,1975-01-20,2015-06-09,4062,M,Richmond Park,3699,True,Goldsmith,E14000896,59101,23015,38.94181147527115,36.30676274754806,13.31667322800952
Mike Penning,1957-09-28,2015-06-09,1528,M,Hemel Hempstead,3525,False,Penning,E14000739,49633,14420,29.05325086132211,37.51463404787857,15.12050381494489
Liam Byrne,1970-10-02,2015-06-09,1171,M,"Birmingham, Hodge Hill",3328,False,Byrne,E14000563,41039,23362,56.92633836107117,51.95105113496277,10.48751623136475
Iain Wright,1972-05-09,2015-06-09,1478,M,Hartlepool,3519,False,Wright,E14000733,39490,3024,7.65763484426437,37.37775459642717,16.94918937714608
Simon Danczuk,1966-10-24,2015-06-09,4059,M,Rochdale,3700,True,Danczuk,E14000897,45430,12442,27.38718908210434,42.48689763925607,13.15987199109503
Alison Thewliss,1982-09-13,2015-06-09,4430,F,Glasgow Central,1203,False,Thewliss,S14000029,39318,7662,19.48725774454448,48.34588031603055,10.17894517680835
Steve Reed,1963-11-12,2015-06-09,4268,M,Croydon North,3433,False,Reed,E14000655,53522,21364,39.91629610253727,43.92255446767222,97.32880538649262
James Wharton,1984-02-16,2015-06-09,4123,M,Stockton South,3776,False,Wharton,E14000971,51797,5046,9.741876942680078,37.4684917199755,15.20732699318116
Alan Brown,1970-08-12,2015-06-10,4470,M,Kilmarnock and Loudoun,1624,True,Brown,S14000040,53903,13638,25.3010036547131,34.60902799297593,17.14492304513997
Richard Arkless,1975-07-07,2015-06-10,4387,M,Dumfries and Galloway,911,True,Arkless,S14000013,56602,6514,11.50842726405427,31.4411110195335,21.79901920382428
James Berry,1978-12-29,2015-06-10,4489,M,Kingston and Surbiton,3557,True,Berry,E14000770,59253,2834,4.782880191720251,39.98830528296131,12.95486517177675
Mike Freer,1960-05-29,2015-06-10,4004,M,Finchley and Golders Green,3487,True,Freer,E14000703,50759,5662,11.15467207785811,40.71040063677368,13.65000663305917
Naz Shah,1973-11-13,2015-06-10,4409,F,Bradford West,3355,True,Shah,E14000589,40290,11420,28.34450235790519,51.8015702198482,93.69036519375048
Karl McCartney,1968-10-25,2015-06-10,4028,M,Lincoln,3580,True,McCartney,E14000792,46852,1443,3.079911209766926,42.89314800534166,14.87200707205598
Karl Turner,1971-04-15,2015-06-10,4030,M,Kingston upon Hull East,3558,False,Turner,E14000771,35144,10319,29.36205326656044,38.81679845981488,15.41490368404451
Christopher Chope,1947-05-19,2015-06-10,242,M,Christchurch,3414,True,Chope,E14000638,49707,18224,36.66284426740701,25.88520981865161,32.1713957605627
Chris Philp,1976-07-06,2015-06-10,4503,M,Croydon South,3434,True,Philp,E14000656,57712,17140,29.69919600776268,36.82444130730097,15.32553782773531
Jo Churchill,1964-03-18,2015-06-10,4380,F,Bury St Edmunds,3381,True,Churchill,E14000613,59341,21301,35.89592356043882,34.78949312971727,19.32915779658333
Sadiq Khan,1970-10-08,2015-06-10,1577,M,Tooting,3806,True,Khan,E14000998,53529,2842,5.309271609781613,43.11628777247638,84.91907568528394
Angela Watkinson,1941-11-18,2015-06-10,1462,F,Hornchurch and Upminster,3537,True,Watkinson,E14000751,55236,13074,23.66934607864436,35.0212939735138,19.26180891818836
Richard Burgon,1980-09-19,2015-06-10,4493,M,Leeds East,3566,True,Burgon,E14000778,38196,12533,32.81233637030056,42.02436778202373,14.4396574537679
Catherine West,1966-09-14,2015-06-10,4523,F,Hornsey and Wood Green,3538,True,West,E14000752,57785,11058,19.13645409708402,39.73458297862184,94.17689694404444
Roberta Blackman-Woods,1957-08-16,2015-06-10,1501,F,City of Durham,3417,False,Blackman-Woods,E14000641,45669,11439,25.0476253038166,40.56900662251655,16.32635761589404
Brandon Lewis,1971-06-20,2015-06-10,4009,M,Great Yarmouth,3503,False,Lewis,E14000717,44469,6154,13.83885403314668,34.90650410682895,20.94122968430359
Caroline Flint,1961-09-20,2015-06-10,389,F,Don Valley,3447,False,Flint,E14000667,42486,8885,20.91277126582875,35.41985972533774,18.19307558794572
Amber Rudd,1963-08-01,2015-06-10,3983,F,Hastings and Rye,3521,False,Rudd,E14000735,50927,4796,9.417401378443655,34.61253519039857,18.95836420210401
Christian Matheson,1968-01-01,2015-06-10,4408,M,City of Chester,3416,True,Matheson,E14000640,51161,93,0.1817790895408612,36.85359427926232,17.8848325178773
Maria Eagle,1961-02-17,2015-06-10,483,F,Garston and Halewood,3493,False,Eagle,E14000708,48983,27146,55.41922707878243,36.19660787946405,17.60443002343982
Andrea Leadsom,1963-05-13,2015-06-10,4117,F,South Northamptonshire,3747,False,Leadsom,E14000942,60862,26416,43.40310867207782,34.73591127650559,14.65337779333468
Alan Campbell,1957-07-08,2015-06-10,529,M,Tynemouth,3815,False,Campbell,E14001006,53495,8240,15.40330872044116,32.65221397543515,18.75575896880284
Robert Buckland,1968-09-22,2015-06-10,4106,M,South Swindon,3752,False,Buckland,E14000947,49263,5785,11.74309319367477,37.99781966037773,13.43560632102064
Nick Gibb,1960-09-03,2015-06-10,111,M,Bognor Regis and Littlehampton,3342,False,Gibb,E14000576,47116,13944,29.59504202394091,31.98216045431918,23.92693507258744
George Eustice,1971-09-28,2015-06-10,3934,M,Camborne and Redruth,3385,False,Eustice,E14000616,45868,7004,15.2699049446237,33.48237277026078,20.37314481015029
Chris Heaton-Harris,1967-11-28,2015-06-10,3977,M,Daventry,3439,True,Heaton-Harris,E14000660,52518,21059,40.09863284968963,33.01651571656899,17.48108684070325
Claire Perry,1964-04-03,2015-06-11,3974,F,Devizes,3445,False,Perry,E14000665,49006,20751,42.34379463739134,38.13847549161066,16.19326380014017
Paul Maynard,1975-12-16,2015-06-11,3926,M,Blackpool North and Cleveleys,3337,True,Maynard,E14000572,39393,3340,8.478663721981063,32.37999304481299,22.16306316029308
Stephen McPartland,1976-08-09,2015-06-11,4093,M,Stevenage,3773,True,McPartland,E14000968,47799,4955,10.36632565534844,38.52237981994224,14.75072192967556
Andrew Jones,1963-11-28,2015-06-11,3996,M,Harrogate and Knaresborough,3516,False,Jones,E14000730,53376,16371,30.6710881294964,33.04517733435964,19.28079420530128
Maggie Throup,1957-01-27,2015-06-11,4447,F,Erewash,3478,True,Throup,E14000695,48322,3584,7.416911551674185,35.58001063264221,17.09728867623604
Patrick McLoughlin,1957-11-30,2015-06-11,333,M,Derbyshire Dales,3444,False,McLoughlin,E14000664,47361,14044,29.65309009522603,28.73285625309827,22.4257369110114
Tom Tugendhat,1973-06-27,2015-06-11,4462,M,Tonbridge and Malling,3805,True,Tugendhat,E14000997,53670,23734,44.22209800633501,35.00884061631724,17.3700429401364
Ben Howlett,1986-08-21,2015-06-11,4445,M,Bath,3308,True,Howlett,E14000547,47167,3833,8.12644433608243,42.87466660664649,15.91847758808899
Michael Dugher,1975-04-26,2015-06-11,3916,M,Barnsley East,3303,False,Dugher,E14000542,38517,12034,31.24334709349118,36.27617931309021,17.45140102173961
Steven Paterson,1975-04-25,2015-06-11,4392,M,Stirling,2784,True,Paterson,S14000057,52135,10480,20.10165915411912,37.11480714040356,17.21165246490188
Conor Burns,1972-09-24,2015-06-11,3922,M,Bournemouth West,3351,True,Burns,E14000585,41773,12410,29.70818471261341,39.82903564788619,18.29581278797187
George Howarth,1949-06-29,2015-06-11,481,M,Knowsley,3562,True,Howarth,E14000775,50728,34655,68.31532881249014,38.63439514964873,15.77903955345972
Victoria Atkins,1976-03-22,2015-06-11,4399,F,Louth and Horncastle,3587,True,Atkins,E14000798,50336,14977,29.7540527654164,28.36558806832843,26.42204675646385
Harriett Baldwin,1960-05-02,2015-06-11,4107,F,West Worcestershire,3848,False,Baldwin,E14001035,54100,22578,41.73382624768946,29.30677082196862,24.37648650417857
Andrew Tyrie,1957-01-15,2015-06-11,112,M,Chichester,3409,True,Tyrie,E14000633,57139,24413,42.72563398029367,31.19646655297296,24.47831835514592
Mike Kane,1969-01-09,2015-06-11,4316,M,Wythenshawe and Sale East,3873,True,Kane,E14001059,43263,10569,24.42965120310658,39.55879284508431,13.73603444678389
George Kerevan,1949-09-28,2015-06-11,4416,M,East Lothian,991,True,Kerevan,S14000020,59014,6803,11.52777307079676,34.01125184271488,17.81341195583501
Seema Kennedy,1974-10-06,2015-06-11,4455,F,South Ribble,3748,True,Kennedy,E14000943,52370,5945,11.35191903761696,33.3507923303653,18.39253987326822
Rishi Sunak,1980-05-12,2015-06-11,4483,M,Richmond (Yorks),3698,True,Sunak,E14000895,53999,19550,36.20437415507695,34.55606191927382,19.80783030913039
Joseph Johnson,1971-12-23,2010-06-08,4039,M,Orpington,3672,True,Johnson,E14000872,49032,19979,40.74685919399576,33.89461329240353,19.59213154716896
Paul Blomfield,1953-08-25,2015-06-11,4058,M,Sheffield Central,3722,True,Blomfield,E14000919,44173,17309,39.18456975980803,58.16852295201416,87.61840324763195
John Penrose,1964-06-22,2015-06-11,1584,M,Weston-Super-Mare,3851,False,Penrose,E14001038,52552,15609,29.70200943827066,33.69994630254679,20.71762810678122
William Wragg,1987-12-11,2015-06-15,4429,M,Hazel Grove,3524,True,Wragg,E14000738,43219,6552,15.15999907448113,32.1725840880098,21.08673411390247
Nicky Morgan,1972-10-01,2015-06-15,4027,F,Loughborough,3586,False,Morgan,E14000797,52020,9183,17.65282583621684,42.97871482299323,14.83811770874295
John Healey,1960-02-13,2015-06-15,400,M,Wentworth and Dearne,3840,True,Healey,E14001028,43189,13838,32.04056588483179,36.09823619471068,17.14204819529792
Sam Gyimah,1976-08-10,2015-06-15,3980,M,East Surrey,3464,False,Gyimah,E14000681,56103,22658,40.38643209810527,33.97034470944287,17.81696708986048
Chris Skidmore,1981-05-17,2015-06-15,4021,M,Kingswood,3561,True,Skidmore,E14000774,48125,9006,18.71376623376623,36.06262186030508,17.12237641931414
Craig Tracey,1974-08-21,2015-06-15,4509,M,North Warwickshire,3653,True,Tracey,E14000854,47377,2973,6.275196825463833,33.95383966057268,18.13426039051914
Carol Monaghan,1972-08-02,2015-06-15,4443,F,Glasgow North West,1207,False,Monaghan,S14000033,43854,10364,23.63296392575364,38.21522554202277,14.96937658647912
Daniel Poulter,1978-10-30,2010-06-22,3932,M,Central Suffolk and North Ipswich,3399,True,Poulter,E14000624,54089,20144,37.24232283828505,32.71744074392278,20.19204528225603
Tristram Hunt,1974-05-31,2015-06-15,4111,M,Stoke-on-Trent Central,3777,False,Hunt,E14000972,31084,5179,16.66130485137048,42.28556988833269,14.45778783211398
Frank Field,1942-07-16,2015-06-15,478,M,Birkenhead,3324,True,Field,E14000559,39144,20652,52.75904353157572,38.46517597784233,15.69614267378234
Shabana Mahmood,1980-09-17,2015-06-16,3914,F,"Birmingham, Ladywood",3329,False,Mahmood,E14000564,35916,21868,60.88651297471878,56.70005446236178,69.90915046608733
Greg Hands,1965-11-14,2015-06-16,1526,M,Chelsea and Fulham,3405,False,Hands,E14000629,40226,16022,39.82996072192115,39.45239694598711,11.56891870157147
Damian Hinds,1969-11-27,2015-06-16,3969,M,East Hampshire,3462,False,Hinds,E14000680,51649,25147,48.68826114736006,33.36097059255684,18.96370773073613
David Crausby,1946-06-17,2015-06-16,437,M,Bolton North East,3344,True,Crausby,E14000578,43161,4377,10.14109960380899,38.97342792376794,15.86663588279741
Geoffrey Cox,1960-04-30,2015-06-16,1508,M,Torridge and West Devon,3809,True,Cox,E14001000,56584,18403,32.52332814930016,29.58542131854336,23.50205282816954
Guto Bebb,1968-10-09,2015-06-16,3910,M,Aberconwy,3288,True,Bebb,W07000058,30148,3999,13.26456149661669,30.56279358326686,24.22228130816272
Neil Parish,1956-05-26,2015-06-16,4072,M,Tiverton and Honiton,3804,True,Parish,E14000996,53763,20173,37.52208768111899,30.30665440049065,24.70918941020137
Gordon Henderson,1948-01-27,2015-06-16,4050,M,Sittingbourne and Sheppey,3730,True,Henderson,E14000927,49378,12168,24.64255336384625,37.62175662550298,16.1204384626058
Andrew Selous,1962-04-27,2015-06-16,1453,M,South West Bedfordshire,3754,False,Selous,E14000949,51304,17813,34.72048963043817,36.5457557016985,15.58447922690163
Jon Trickett,1950-07-02,2015-06-16,410,M,Hemsworth,3526,False,Trickett,E14000740,42406,12078,28.48181861057398,35.36956220190143,18.1190580351903
George Freeman,1967-07-12,2015-06-16,4020,M,Mid Norfolk,3606,False,Freeman,E14000816,52212,17276,33.08817896269057,32.51602564102564,22.20452724358974
Grant Shapps,1968-09-14,2015-06-16,1582,M,Welwyn Hatfield,3839,False,Shapps,E14001027,50205,12153,24.20675231550642,42.50052204947131,14.89074928336845
Stephen Crabb,1973-01-20,2015-06-17,1554,M,Preseli Pembrokeshire,3686,False,Crabb,W07000065,40556,4969,12.25219449649867,33.46129238643634,21.27253972606317
Alun Cairns,1970-07-30,2015-06-17,4086,M,Vale of Glamorgan,3819,False,Cairns,W07000078,51293,6880,13.41313629540093,35.71874392477464,17.68594026582628
Richard Harrington,1957-11-04,2015-06-17,4068,M,Watford,3833,True,Harrington,E14001021,56149,9794,17.44287520703842,39.23356864120665,13.30644100495462
Judith Cummins,1967-06-26,2015-06-17,4391,F,Bradford South,3354,True,Cummins,E14000588,37600,6450,17.15425531914894,41.99812890836575,12.95780195972229
Amanda Solloway,1961-06-06,2015-06-17,4372,F,Derby North,3442,True,Solloway,E14000662,44745,41,0.0916303497597497,41.74815346431028,15.07829710036582
Guy Opperman,1965-05-18,2015-06-17,4142,M,Hexham,3532,False,Opperman,E14000746,43345,12031,27.75637328411581,29.71299648460045,21.9948580723018
Khalid Mahmood,1961-07-13,2015-06-17,1392,M,"Birmingham, Perry Barr",3331,True,Mahmood,E14000566,41260,14828,35.93795443528842,46.00803062844336,12.27565599028854
Imran Hussain,1978-07-07,2015-06-17,4394,M,Bradford East,3353,True,Hussain,E14000587,41406,7084,17.10863159928513,48.32542611140397,10.34088912317695
David Mackintosh,1979-04-02,2015-06-17,4431,M,Northampton South,3661,True,Mackintosh,E14000862,38884,3793,9.754654870898054,41.51150990760028,12.57383966244726
Alex Cunningham,1955-05-01,2015-06-17,4122,M,Stockton North,3775,True,Cunningham,E14000970,39571,8367,21.14427232063885,38.58833244597047,16.08988080362478
Oliver Dowden,1978-08-01,2015-06-17,4441,M,Hertsmere,3531,True,Dowden,E14000745,50091,18461,36.85492403825039,36.96154192200418,16.32293988863452
Harry Harpham,1954-02-21,2015-06-17,4477,M,"Sheffield, Brightside and Hillsborough",3724,True,Harpham,E14000921,40053,13807,34.47182483209747,43.02261548082398,13.99117034879922
Gregory Campbell,1953-02-15,2015-06-17,1409,M,East Londonderry,3463,False,Campbell,N06000006,34714,7804,22.48084346373221,39.123,15.0
Jenny Chapman,1973-09-25,2015-06-17,3972,F,Darlington,3437,False,Chapman,E14000658,41141,3158,7.676040932403199,36.81153395976678,17.18279969808679
Jim Fitzpatrick,1952-04-04,2015-06-17,197,M,Poplar and Limehouse,3683,True,Fitzpatrick,E14000882,51044,16924,33.15570880025076,51.24237834479009,54.75164084042099
Ann Coffey,1946-08-31,2015-06-17,458,F,Stockport,3774,True,Coffey,E14000969,39649,10061,25.3751670912255,37.958530819622,13.84736613075847
Justin Tomlinson,1976-11-05,2015-06-17,4105,M,North Swindon,3650,False,Tomlinson,E14000851,52242,11786,22.56039202174496,37.69250118784762,14.13678414712541
Elizabeth Truss,1975-07-26,2015-06-18,4097,F,South West Norfolk,3757,False,Truss,E14000952,50110,13861,27.66114547994412,34.12098572380042,20.90560719698067
Nicholas Brown,1950-06-13,2010-07-21,523,M,Newcastle upon Tyne East,3626,False,Brown,E14000832,39222,12494,31.85457141400235,52.66296331167812,11.39357038989842
Calum Kerr,1972-04-05,2015-06-18,4379,M,"Berwickshire, Roxburgh and Selkirk",216,False,Kerr,S14000008,55038,328,0.5959518877866201,30.46587032519037,21.15796922361987
Oliver Heald,1954-12-15,2015-06-18,69,M,North East Hertfordshire,3644,True,Heald,E14000845,52287,19080,36.49090596132882,33.94727452091598,17.72348508700124
Charlotte Leslie,1978-08-11,2015-06-18,3933,F,Bristol North West,3368,True,Leslie,E14000600,51805,4944,9.543480359038703,39.73256356079319,16.82488666686506
Ian Mearns,1957-04-21,2015-06-18,4000,M,Gateshead,3494,True,Mearns,E14000709,37949,14784,38.95754828849245,38.66738619770173,15.53552155418704
Nigel Adams,1966-11-30,2015-06-22,4057,M,Selby and Ainsty,3720,True,Adams,E14000917,52804,13557,25.67419134914022,33.4755063613761,17.09197207860434
Priti Patel,1972-03-29,2015-06-22,4066,F,Witham,3858,False,Patel,E14001045,47168,19554,41.45607191316147,33.43360209885897,18.20895859955445
Anne McLaughlin,1966-03-08,2015-06-22,4437,F,Glasgow North East,1206,False,McLaughlin,S14000032,37857,9222,24.36009192487519,39.08262864863605,15.34581964730822
Chris Law,1969-10-21,2015-06-22,4403,M,Dundee West,927,True,Law,S14000016,44714,17092,38.22516437804715,42.47192522358954,16.21500459507319
Philip Boswell,1963-07-23,2015-06-22,4388,M,"Coatbridge, Chryston and Bellshill",728,True,Boswell,S14000011,50698,11501,22.68531303009981,36.88435874533705,14.37293122471497
Lisa Cameron,1972-04-08,2015-06-22,4412,F,"East Kilbride, Strathaven and Lesmahagow",985,False,Cameron,S14000019,60539,16527,27.29975718132113,34.49844242961075,17.08749266001174
Shailesh Vara,1960-09-04,2015-06-23,1496,M,North West Cambridgeshire,3654,False,Vara,E14000855,61100,19795,32.39770867430442,37.47771087709198,14.36019222619362
Caroline Dinenage,1971-10-28,2015-06-23,4008,F,Gosport,3498,False,Dinenage,E14000713,47665,17098,35.87118430714361,35.60326373592282,18.61136102751838
Dominic Raab,1974-02-25,2015-06-23,4007,M,Esher and Walton,3480,False,Raab,E14000697,56976,28616,50.22465599550689,34.42341896327264,16.41179382804335
Corri Wilson,1965-04-11,2015-06-23,4448,F,"Ayr, Carrick and Cumnock",99,True,Wilson,S14000006,52209,11265,21.57673964259036,32.42380074591675,20.55450765207699
Robert Goodwill,1956-12-31,2015-06-23,1562,M,Scarborough and Whitby,3716,False,Goodwill,E14000913,47739,6200,12.98728502901192,32.14714730130699,22.35443895727882
Teresa Pearce,1955-02-01,2015-06-23,4003,F,Erith and Thamesmead,3479,True,Pearce,E14000696,42617,9525,22.35023582138583,44.50980926183149,99.77213098383127
Marcus Jones,1974-04-05,2015-06-23,4024,M,Nuneaton,3667,False,Jones,E14000868,45749,4882,10.67127150320226,37.28015282260721,15.48646334233581
Theresa Villiers,1968-03-05,2015-06-24,1500,F,Chipping Barnet,3412,False,Villiers,E14000636,53013,7656,14.44174070511007,37.26791280040725,14.83125396300894
Ivan Lewis,1967-03-04,2015-06-24,441,M,Bury South,3380,False,Lewis,E14000612,47215,4922,10.4246531822514,37.58304204738251,15.65074303468858
Ben Wallace,1970-05-15,2015-06-24,1539,M,Wyre and Preston North,3871,False,Wallace,E14001057,49893,14151,28.36269616980338,30.3332429010671,22.82058238379454
Sylvia Hermon,1955-08-11,2010-09-14,1437,F,North Down,3638,True,Hermon,N06000013,35947,9202,25.59879823072857,33.976,18.7
Pat Glass,1956-02-14,2015-06-24,4103,F,North West Durham,3655,True,Glass,E14000856,42818,10056,23.48545004437386,32.94108707215666,18.6237366884139
Lyn Brown,1960-04-13,2015-06-24,1583,F,West Ham,3844,False,Brown,E14001032,52793,27986,53.01081582785596,51.0484248333776,68.24878906299404
Deidre Brock,1961-12-08,2015-06-24,4417,F,Edinburgh North and Leith,1041,False,Brock,S14000023,58008,5597,9.648669149082885,39.26805609184144,11.74858499006432
Andrew Smith,1951-02-01,2015-06-24,95,M,Oxford East,3673,True,Smith,E14000873,50689,15280,30.14460731125096,51.47922621266724,10.39973489084959
Simon Hart,1963-08-15,2015-06-24,3944,M,Carmarthen West and South Pembrokeshire,3395,True,Hart,W07000066,40350,6054,15.00371747211896,33.36393493496082,21.89092037549458
Julie Elliott,1963-07-29,2015-06-25,4127,F,Sunderland Central,3788,False,Elliott,E14000982,41762,11179,26.76835400603419,37.40101116283726,17.19877859538469
John McNally,1951-02-01,2015-06-25,4424,M,Falkirk,1115,True,McNally,S14000028,60340,19701,32.64998342724561,34.32426231012803,16.06810150979762
Owen Thompson,1978-03-17,2015-06-25,4482,M,Midlothian,1977,False,Thompson,S14000045,48331,9859,20.39891580972875,34.84919518674793,16.71294793657663
Stuart Blair Donaldson,1991-09-05,2015-06-25,4377,M,West Aberdeenshire and Kincardine,3096,True,Donaldson,S14000058,55196,7033,12.74186535256178,33.71606149820085,15.49776469305419
Gavin Newlands,1980-02-02,2015-06-25,4420,M,Paisley and Renfrewshire North,2285,True,Newlands,S14000052,50462,9076,17.98581110538623,34.81178543992047,16.79583352162321
Victoria Prentis,1971-03-24,2015-06-25,4401,F,Banbury,3300,True,Prentis,E14000539,58008,18395,31.71114329058061,37.66874703208737,14.46730208262669
Kelly Tolhurst,1978-08-23,2015-06-25,4487,F,Rochester and Strood,3701,True,Tolhurst,E14000898,52516,7133,13.58252722979663,38.99459490267975,14.60041226928594
Rosie Cooper,1950-09-05,2015-06-29,1538,F,West Lancashire,3845,True,Cooper,E14001033,49676,8360,16.82905225863596,36.06232264734115,18.49742080445584
Owen Smith,1970-05-02,2015-06-29,4042,M,Pontypridd,3681,False,Smith,W07000075,37882,8985,23.71838868063988,37.64993971335878,16.16427798978235
Roger Gale,1943-08-20,2015-06-29,87,M,North Thanet,3651,True,Gale,E14000852,47053,10948,23.2673793381931,34.07518314528635,21.87583551681728
Rushanara Ali,1975-03-14,2015-06-29,4138,F,Bethnal Green and Bow,3320,True,Ali,E14000555,52924,24317,45.94701836595873,53.5368684733269,67.97712024634825
Margaret Greenwood,1959-03-14,2015-06-29,4400,F,Wirral West,3857,True,Greenwood,E14001044,41858,417,0.9962253332696258,30.78067881344912,22.94643760204598
Martyn Day,1971-03-26,2015-06-30,4488,M,Linlithgow and East Falkirk,1782,True,Day,S14000043,61597,12934,20.99777586570774,35.88841484595584,15.67429390859779
Nadine Dorries,1957-05-21,2015-06-30,1481,F,Mid Bedfordshire,3603,True,Dorries,E14000813,58060,23327,40.17740268687565,34.63808791362452,15.87479150228224
Rob Wilson,1965-01-04,2015-07-01,1556,M,Reading East,3691,False,Wilson,E14000889,50494,6520,12.91242523864221,44.02356747614758,11.69090207180543
Oliver Letwin,1956-05-19,2015-07-01,247,M,West Dorset,3843,False,Letwin,E14001031,56458,16130,28.56991037585462,28.42342342342343,26.5723863398282
Matthew Hancock,1978-10-02,2015-07-01,4070,M,West Suffolk,3846,False,Hancock,E14001034,49232,14984,30.43548911277218,37.67395100269856,16.87655431504312
Matthew Hancock,1978-10-02,2015-07-01,4070,M,West Suffolk,3846,False,Hancock,E14001034,49232,14984,30.43548911277218,37.67395100269856,16.87655431504312
Lucy Powell,1974-10-10,2015-07-01,4263,F,Manchester Central,3596,False,Powell,E14000807,45331,21639,47.73554521188591,56.35990054047615,76.0984470616262
Alok Sharma,1967-09-07,2015-07-01,4014,M,Reading West,3692,True,Sharma,E14000890,48404,6650,13.7385340054541,38.99208687682923,13.55972289287228
Graham Brady,1967-05-20,2015-07-01,435,M,Altrincham and Sale West,3291,True,Brady,E14000532,50517,13290,26.3079755329889,34.68128500584941,17.18897205743806
Phillip Lee,1970-09-28,2015-07-01,3921,M,Bracknell,3352,True,Lee,E14000586,53086,20650,38.8991447839355,37.88686587378039,13.20470390752415
Nick Herbert,1963-04-07,2015-07-01,1479,M,Arundel and South Downs,3295,True,Herbert,E14000534,56477,26177,46.3498415284098,29.02834465954537,23.88271458973753
Virendra Sharma,1947-04-05,2015-07-01,1604,M,"Ealing, Southall",3457,True,Sharma,E14000676,43321,18760,43.30463285704393,43.33643132168353,10.35204722559824
Gloria De Piero,1972-12-21,2015-07-01,3915,F,Ashfield,3296,False,Piero,E14000535,47409,8820,18.60406251977473,35.06780226465451,17.48042467178209
Sarah Champion,1969-07-10,2015-07-01,4267,F,Rotherham,3707,True,Champion,E14000904,37823,8446,22.33032810723634,39.00687871389233,15.70286631659922
Neil Coyle,1978-12-30,2015-07-01,4368,M,Bermondsey and Old Southwark,3318,True,Coyle,E14000553,51424,4489,8.729387056627255,47.23684418520099,69.30810451937212
Ronnie Cowan,1959-09-06,2015-07-01,4465,M,Inverclyde,1555,True,Cowan,S14000038,44607,11063,24.80104019548502,33.79026814751181,18.13339878505246
Jeremy Wright,1972-10-24,2015-07-02,1560,M,Kenilworth and Southam,3554,False,Wright,E14000767,48791,21002,43.04482384046239,31.66048068147246,21.01734104046243
Karen Bradley,1970-03-12,2015-07-02,4110,F,Staffordshire Moorlands,3771,False,Bradley,E14000966,42587,10174,23.88991945898983,30.31745417489003,21.18597061517227
Charles Walker,1967-09-11,2015-07-02,1493,M,Broxbourne,3374,True,Walker,E14000606,46024,16723,36.33539023118373,36.73853628909809,16.74967101933394
Marion Fellows,1949-05-05,2015-07-02,4440,F,Motherwell and Wishaw,2022,False,Fellows,S14000047,48237,11898,24.66571304185583,37.06127240513483,15.643648300525
Chris Green,1973-08-12,2015-07-02,4398,M,Bolton West,3346,True,Green,E14000580,48592,801,1.648419492920645,35.01581625636089,16.61394581213038
Dan Jarvis,1972-11-30,2015-07-02,4243,M,Barnsley Central,3302,False,Jarvis,E14000541,36560,12435,34.01258205689278,36.01978673262244,16.62972209907366
Anne Milton,1955-11-03,2015-07-06,1523,F,Guildford,3505,False,Milton,E14000719,53986,22448,41.58115066869188,39.95854117958863,15.66916239931091
Jeffrey M. Donaldson,1962-12-07,2010-05-26,650,M,Lagan Valley,3563,False,Donaldson,N06000009,39795,13000,32.66742053021736,37.275,15.8
Kate Hollern,1955-04-12,2015-07-07,4363,F,Blackburn,3335,True,Hollern,E14000570,43999,12760,29.00065910588877,44.92754974544506,12.37248941685471
Roger Godsiff,1946-06-28,2015-07-07,304,M,"Birmingham, Hall Green",3327,True,Godsiff,E14000562,47046,19818,42.12472898864941,47.7438224737714,10.98409028161237
Yasmin Qureshi,1963-07-05,2015-07-07,3924,F,Bolton South East,3345,True,Qureshi,E14000579,40743,10928,26.82178533735857,42.24399736601571,13.80876094626869
Michelle Donelan,1984-04-08,2015-07-08,4530,F,Chippenham,3411,True,Donelan,E14000635,55407,10076,18.18542783402819,34.61634280019931,17.86767148314233
Gavin Williamson,1976-06-25,2015-07-08,4108,M,South Staffordshire,3750,True,Williamson,E14000945,49598,20371,41.07222065405863,31.71213496342961,20.77732101863221
Anne Marie Morris,1957-07-05,2015-07-08,4249,F,Newton Abbot,3632,True,Morris,E14000835,48253,11234,23.28145400285992,30.60945868679915,23.51486015006009
Siobhain McDonagh,1960-02-20,2015-07-09,193,F,Mitcham and Morden,3614,True,McDonagh,E14000823,45142,16922,37.4861548004076,42.24670371159171,10.88791651338845
Paul Monaghan,1965-11-11,2015-07-09,4383,M,"Caithness, Sutherland and Easter Ross",543,True,Monaghan,S14000009,34186,3844,11.24436903995788,32.19399315431712,20.16905301386813
David Warburton,1965-10-28,2015-07-13,4526,M,Somerton and Frome,3735,True,Warburton,E14000932,60309,20268,33.6069243396508,31.6575126170895,21.04753325002664
Royston Smith,1964-05-13,2015-07-13,4478,M,"Southampton, Itchen",3760,True,Smith,E14000955,44710,2316,5.180049205994185,43.10383428565866,14.22258130457213
Victoria Borwick,1956-04-26,2015-07-14,4502,F,Kensington,3555,True,Borwick,E14000768,34828,7361,21.13529344205811,37.45275533448796,11.10921516265816
Mhairi Black,1994-09-12,2015-07-14,4421,F,Paisley and Renfrewshire South,2286,True,Black,S14000053,46226,5684,12.2961104140527,35.08658209093435,16.9136031113992
Jonathan Lord,1962-09-17,2015-07-15,4090,M,Woking,3860,True,Lord,E14001047,51964,20810,40.04695558463552,36.48247851138188,14.98535940304147
Jon Cruddas,1962-04-07,2015-07-15,1406,M,Dagenham and Rainham,3436,True,Cruddas,E14000657,43050,4980,11.56794425087108,41.56332647663826,14.58614947595259
Adam Holloway,1965-07-29,2015-09-08,1522,M,Gravesham,3501,True,Holloway,E14000715,50139,8370,16.69359181475498,38.62957137239481,16.01454974439638
Helen Grant,1961-09-28,2015-09-08,4018,F,Maidstone and The Weald,3593,True,Grant,E14000804,50010,10709,21.41371725654869,36.23260834799297,16.9388693427155
Rebecca Harris,1967-12-22,2015-09-14,3948,F,Castle Point,3397,True,Harris,E14000622,45450,8934,19.65676567656766,32.02440604015407,21.58934678619718
Stephen Barclay,1972-05-03,2015-09-14,4095,M,North East Cambridgeshire,3641,False,Barclay,E14000842,51780,16874,32.58787176516029,33.98501459386345,19.74887876414893
Alan Johnson,1950-05-17,2015-09-14,376,M,Kingston upon Hull West and Hessle,3560,True,Johnson,E14000773,31803,9333,29.34628808602962,38.02565677565677,15.66693441693442
Lisa Nandy,1979-08-09,2015-09-17,4082,F,Wigan,3852,False,Nandy,E14001039,45293,14236,31.43090543792639,36.3886216847602,16.77889240071458
Rosie Winterton,1958-08-10,2015-10-20,390,F,Doncaster Central,3448,False,Winterton,E14000668,40420,10093,24.97031172686789,38.26869938065745,15.79132920438304
Robert Halfon,1969-03-22,2015-10-21,3985,M,Harlow,3515,False,Halfon,E14000729,44251,8350,18.86963006485729,37.8568405976368,15.55938934279483
James Duddridge,1971-08-26,2015-10-28,1559,M,Rochford and Southend East,3702,False,Duddridge,E14000899,43608,9476,21.72995780590717,37.61078305006845,16.48631635742334
Adam Afriyie,1965-08-04,2015-11-26,1586,M,Windsor,3855,True,Afriyie,E14001042,50160,25083,50.00598086124401,36.03545496301074,15.01754180226138
Mark Harper,1970-02-26,2015-12-01,1520,M,Forest of Dean,3489,False,Harper,E14000705,49520,10987,22.18699515347334,31.83005094757854,20.76432973179988
Margaret Beckett,1943-01-15,2015-12-02,328,F,Derby South,3443,True,Beckett,E14000663,40820,8828,21.62665360117589,43.84406115177107,13.27000760275165
Rachel Reeves,1979-02-13,2016-01-05,4031,F,Leeds West,3569,True,Reeves,E14000781,38423,10727,27.91817401035838,43.16315755446846,12.96791155744241
Jim McMahon,1959-08-21,2016-01-19,4569,M,Oldham West and Royton,3671,True,McMahon,E14000871,27706,10722,38.69919872951707,42.89681920948001,13.97150541825836
David Evennett,1949-06-03,2016-03-03,1198,M,Bexleyheath and Crayford,3323,False,Evennett,E14000558,43685,9192,21.0415474419137,38.18299790547309,15.95027775248156
Margot James,1957-08-28,2016-05-04,4115,F,Stourbridge,3781,False,James,E14000976,46029,6694,14.54300549653479,34.97400693148494,18.19403714565005
Gill Furniss,1957-03-14,2016-05-11,4571,F,"Sheffield, Brightside and Hillsborough",3724,True,Furniss,E14000921,22581,9590,42.46933262477304,43.02261548082398,13.99117034879922
Chris Elmore,1983-12-23,2016-05-11,4572,M,Ogmore,3668,True,Elmore,W07000074,35250,13043,37.00141843971631,36.18373518156761,16.05207524953839
Alan Meale,1949-07-31,2016-06-06,361,M,Mansfield,3599,True,Meale,E14000810,47193,5315,11.26226347127752,35.96864051461719,17.17879501464591
Rosena Allin-Khan,1977-01-01,2016-07-05,4573,F,Tooting,3806,True,Allin-Khan,E14000998,32048,6357,19.83587119321018,43.11628777247638,84.91907568528394
Simon Kirby,1964-12-22,2016-07-12,3929,M,"Brighton, Kemptown",3365,False,Kirby,E14000597,45306,690,1.522977089127268,39.24776393242107,16.70689222099665
Gavin Barwell,1972-01-23,2016-07-18,3955,M,Croydon Central,3432,False,Barwell,E14000654,52941,165,0.3116677055590185,41.68780785493221,12.09450329105096
Charlie Elphicke,1971-03-14,2016-07-18,3971,M,Dover,3450,True,Elphicke,E14000670,50224,6294,12.53185727938834,34.14874001229256,19.81151403400943
Kris Hopkins,1963-06-08,2016-07-20,4043,M,Keighley,3553,False,Hopkins,E14000766,49123,3053,6.2150112981699,36.68450849202264,17.34534225424601
Sarah Newton,1961-07-19,2016-07-20,4071,F,Truro and Falmouth,3812,False,Newton,E14001003,51544,14000,27.16126028247711,33.86419379766824,20.92530994859389
Tracy Brabin,1961-05-09,2016-10-31,4588,F,Batley and Spen,3309,True,Brabin,E14000548,20393,16537,81.09155102240965,39.5666317574769,14.70263857867079
Robert Courts,1978-10-21,2016-11-02,4589,M,Witney,3859,True,Courts,E14001046,38455,5702,14.82772071252113,33.90564903272602,18.38345469989216
Sarah Olney,1977-01-11,2016-12-19,4591,F,Richmond Park,3699,True,Olney,E14000896,41283,1872,4.534554174841944,36.30676274754806,13.31667322800952
Caroline Johnson,1977-12-31,2017-01-11,4592,F,Sleaford and North Hykeham,3732,True,Johnson,E14000929,61944,24115,38.93032416376082,30.98977092637948,21.44863852470825
Jackie Doyle-Price,1969-08-05,2017-02-08,4065,F,Thurrock,3803,False,Doyle-Price,E14000995,49564,536,1.081430070212251,41.67304632058836,11.29499806459937
Gareth Snell,1986-01-01,2017-03-14,4595,M,Stoke-on-Trent Central,3777,True,Snell,E14000972,21200,2620,12.35849056603774,42.28556988833269,14.45778783211398
Trudy Harrison,1976-04-19,2017-04-25,4593,F,Copeland,3425,True,Harrison,E14000647,31108,2147,6.901761604731901,32.00603280958327,19.64371808977513
