speaker,date,mp_id,gender,constituency_name,constituency_id,backbencher,surname,ONS ID,Valid votes,Majority,vulnerability
Jim Sheridan,2010-05-18,1464,M,Paisley and Renfrewshire North,2285,True,Sheridan,S14000052,43707,15280,34.960075045187274
Malcolm Rifkind,2010-05-18,1191,M,Kensington,3555,True,Rifkind,E14000768,35150,8616,24.512091038406826
David Cameron,2010-05-18,1467,M,Witney,3859,False,Cameron,E14001046,57769,22740,39.3636725579463
Harriet Harman,2010-05-18,150,F,Camberwell and Peckham,3384,False,Harman,E14000615,46659,17187,36.83533723397415
Angus Robertson,2010-05-18,1433,M,Moray,2004,False,Robertson,S14000046,41004,5590,13.632816310603843
David Blunkett,2010-05-18,395,M,"Sheffield, Brightside and Hillsborough",3724,True,Blunkett,E14000921,38914,13632,35.031094207740146
Peter Lilley,2010-05-25,68,M,Hitchin and Harpenden,3535,True,Lilley,E14000749,54707,15271,27.91416089348712
Don Foster,2010-05-25,214,M,Bath,3308,True,Foster,E14000547,47086,11883,25.236800747568278
Tom Harris,2010-05-25,1418,M,Glasgow South,1208,True,Harris,S14000034,40094,12658,31.57080859979049
David Winnick,2010-05-25,316,M,Walsall North,3823,True,Winnick,E14001011,36187,990,2.7357890955315445
Denis MacShane,2010-05-25,393,M,Rotherham,3707,True,MacShane,E14000904,37506,10462,27.89420359409161
Kevin Brennan,2010-05-25,1400,M,Cardiff West,3392,False,Brennan,W07000079,40958,4751,11.599687484740466
Simon Hughes,2010-05-25,194,M,Bermondsey and Old Southwark,3318,True,Hughes,E14000553,44651,8530,19.10371548229603
Bob Russell,2010-05-25,35,M,Colchester,3422,True,Russell,E14000644,46139,6982,15.132534298532697
Chris Leslie,2010-05-25,422,M,Nottingham East,3664,True,Leslie,E14000865,33112,6969,21.046750422807442
Ian Lucas,2010-05-25,1470,M,Wrexham,3869,False,Lucas,W07000044,32976,3658,11.092916060164969
Maria Eagle,2010-05-25,483,F,Garston and Halewood,3493,False,Eagle,E14000708,42825,16877,39.40922358435493
Chris Bryant,2010-05-25,1446,M,Rhondda,3696,False,Bryant,W07000052,31072,11553,37.181385169927914
Gerald Kaufman,2010-05-25,451,M,"Manchester, Gorton",3597,True,Kaufman,E14000808,38325,6703,17.489889106327464
Alan Beith,2010-05-25,513,M,Berwick-upon-Tweed,3319,True,Beith,E14000554,38439,2690,6.998100887119853
Mark Lazarowicz,2010-05-25,1411,M,Edinburgh North and Leith,1041,True,Lazarowicz,S14000023,47356,1724,3.6405101782245124
Pete Wishart,2010-05-25,1440,M,Perth and North Perthshire,2316,True,Wishart,S14000054,48268,4379,9.07226319714925
Tony Lloyd,2010-05-25,450,M,Manchester Central,3596,True,Lloyd,E14000807,39927,10439,26.14521501740677
David Anderson,2010-05-25,1486,M,Blaydon,3340,True,Anderson,E14000574,44913,9117,20.299245207400975
Nigel Dodds,2010-05-25,1388,M,Belfast North,3315,False,Dodds,N06000002,36993,2224,6.011948206417431
William McCrea,2010-05-25,655,M,South Antrim,3736,False,McCrea,N06000014,34009,1183,3.4784909876797316
John Redwood,2010-05-25,14,M,Wokingham,3861,True,Redwood,E14001048,54528,13492,24.74325117370892
Edward Leigh,2010-05-25,345,M,Gainsborough,3492,True,Leigh,E14000707,49251,10559,21.439158595764553
Keith Vaz,2010-05-25,338,M,Leicester East,3570,True,Vaz,E14000782,47995,14082,29.340556307948745
David Tredinnick,2010-05-25,335,M,Bosworth,3349,True,Tredinnick,E14000583,54274,5032,9.271474370785276
Graham Stuart,2010-05-25,1482,M,Beverley and Holderness,3321,True,Stuart,E14000556,53199,12987,24.41211300964304
Nigel Evans,2010-05-25,474,M,Ribble Valley,3697,True,Evans,E14000894,52287,14769,28.246026737047448
Andrew Miller,2010-05-25,428,M,Ellesmere Port and Neston,3471,True,Miller,E14000688,44233,4331,9.791332263242374
Andrew Selous,2010-05-25,1453,M,South West Bedfordshire,3754,True,Selous,E14000949,50774,16649,32.79040453775555
Dominic Grieve,2010-05-25,16,M,Beaconsfield,3311,False,Grieve,E14000550,52490,21782,41.49742808153934
Richard Harrington,2010-05-25,4068,M,Watford,3833,True,Harrington,E14001021,55208,1425,2.581147659759455
Anne Begg,2010-05-25,572,F,Aberdeen South,20,True,Begg,S14000002,43034,3506,8.147046521355207
Stuart Bell,2010-05-25,501,M,Middlesbrough,3610,True,Bell,E14000819,33455,8689,25.972201464654017
David Amess,2010-05-25,44,M,Southend West,3762,True,Amess,E14000957,43606,7270,16.672017612255193
Chris Williamson,2010-05-25,3976,M,Derby North,3442,True,Williamson,E14000662,45080,613,1.35980479148181
Peter Bottomley,2010-05-25,117,M,Worthing West,3868,True,Bottomley,E14001055,49123,11729,23.876799055432283
David Hanson,2010-05-25,533,M,Delyn,3440,False,Hanson,W07000042,36984,2272,6.143197058187324
Andrew Smith,2010-05-25,95,M,Oxford East,3673,True,Smith,E14000873,51651,4581,8.869140965324968
Tobias Ellwood,2010-05-25,1487,M,Bournemouth East,3350,True,Ellwood,E14000584,44024,7728,17.55406142104307
Douglas Carswell,2010-05-25,1527,M,Clacton,3418,True,Carswell,E14000642,43123,12068,27.985065974074157
Mark Spencer,2010-05-25,4055,M,Sherwood,3727,True,Spencer,E14000924,48954,214,0.4371450749683376
Joan Walley,2010-05-25,286,F,Stoke-on-Trent North,3778,True,Walley,E14000973,40196,8235,20.487113145586626
Martin Horwood,2010-05-25,1499,M,Cheltenham,3406,True,Horwood,E14000630,52786,4920,9.320653203500928
David Morris,2010-05-25,4135,M,Morecambe and Lunesdale,3618,True,Morris,E14000825,43436,866,1.9937379132516804
Charles Walker,2010-05-25,1493,M,Broxbourne,3374,True,Walker,E14000606,45658,18804,41.18445836436112
Julian Lewis,2010-05-25,54,M,New Forest East,3621,True,Lewis,E14000827,50036,11307,22.59772963466304
Robert Syms,2010-05-25,245,M,Poole,3682,True,Syms,E14000881,47436,7541,15.897208870899737
Christopher Chope,2010-05-25,242,M,Christchurch,3414,True,Chope,E14000638,49416,15410,31.1842318277481
Peter Bone,2010-05-25,1581,M,Wellingborough,3837,True,Bone,E14001025,51661,11787,22.816050792667582
Angela Eagle,2010-05-25,491,F,Wallasey,3822,False,Eagle,E14001010,41654,8507,20.423008594612764
Michael Connarty,2010-05-25,602,M,Linlithgow and East Falkirk,1782,True,Connarty,S14000043,51450,12553,24.398445092322643
David Heath,2010-05-25,255,M,Somerton and Frome,3735,False,Heath,E14000932,60612,1817,2.9977562198904506
Fiona Mactaggart,2010-05-25,12,F,Slough,3733,True,Mactaggart,E14000930,47742,5523,11.56843031293201
Philip Davies,2010-05-25,1565,M,Shipley,3728,True,Davies,E14000925,49427,9944,20.118558682501465
Geoffrey Clifton-Brown,2010-05-25,249,M,The Cotswolds,3799,True,Clifton-Brown,E14000991,54832,12864,23.460752845053985
Andrew Tyrie,2010-05-25,112,M,Chichester,3409,True,Tyrie,E14000633,56787,15877,27.958863824466867
Alistair Darling,2010-05-26,596,M,Edinburgh South West,1048,False,Darling,S14000025,45462,8447,18.58035282213717
David Laws,2010-05-26,1473,M,Yeovil,3874,False,Laws,E14001060,57160,13036,22.806158152554236
Michael Fallon,2010-05-26,88,M,Sevenoaks,3721,True,Fallon,E14000918,49408,17515,35.449724740932645
Jo Swinson,2010-05-26,1513,F,East Dunbartonshire,965,True,Swinson,S14000018,47948,2184,4.554934512388421
Conor Burns,2010-05-26,3922,M,Bournemouth West,3351,True,Burns,E14000585,41659,5583,13.4016659065268
Dennis Skinner,2010-05-26,325,M,Bolsover,3343,True,Skinner,E14000577,43988,11182,25.420569246158042
Mike Hancock,2010-05-26,59,M,Portsmouth South,3685,True,Hancock,E14000884,41264,5200,12.601783637068632
Penny Mordaunt,2010-05-26,4017,F,Portsmouth North,3684,True,Mordaunt,E14000883,44118,7289,16.52160116052405
Caroline Flint,2010-05-26,389,F,Don Valley,3447,True,Flint,E14000667,43420,3595,8.279594656840166
John Baron,2010-05-26,1390,M,Basildon and Billericay,3305,True,Baron,E14000544,41569,12338,29.68077172893262
Kevin Barron,2010-05-26,392,M,Rother Valley,3706,True,Barron,E14000903,46758,5866,12.545446768467428
Graham Allen,2010-05-26,364,M,Nottingham North,3665,True,Allen,E14000866,34285,8138,23.736327840163337
Tony Baldry,2010-05-26,93,M,Banbury,3300,True,Baldry,E14000539,56241,18227,32.40874095410821
Lindsay Hoyle,2010-05-26,467,M,Chorley,3413,True,Hoyle,E14000637,49774,2593,5.209547153132157
Richard Ottaway,2010-05-26,157,M,Croydon South,3434,True,Ottaway,E14000656,56322,15818,28.08494016547708
Louise Ellman,2010-05-26,484,F,"Liverpool, Riverside",3581,True,Ellman,E14000793,38801,14173,36.52740908739465
Roger Williams,2010-05-26,1394,M,Brecon and Radnorshire,3357,True,Williams,W07000068,38845,3747,9.64602908997297
Richard Burden,2010-05-26,301,M,"Birmingham, Northfield",3330,True,Burden,E14000565,41814,2782,6.65327402305448
Andrew Percy,2010-05-26,3939,M,Brigg and Goole,3364,True,Percy,E14000596,43874,5147,11.731321511601404
Clive Efford,2010-05-26,165,M,Eltham,3473,True,Efford,E14000690,41964,1663,3.9629205986083313
Richard Graham,2010-05-26,3990,M,Gloucester,3497,True,Graham,E14000712,50764,2420,4.767157828382318
Sandra Osborne,2010-05-26,576,F,"Ayr, Carrick and Cumnock",99,True,Osborne,S14000006,45893,9911,21.595886082844878
Yvette Cooper,2010-05-26,420,F,"Normanton, Pontefract and Castleford",3633,False,Cooper,E14000836,46239,10979,23.744025606090098
Jack Straw,2010-05-26,463,M,Blackburn,3335,False,Straw,E14000570,45499,9856,21.662014549770326
George Young,2010-05-26,57,M,North West Hampshire,3656,False,Young,E14000857,53292,18583,34.870149365758465
Rosie Winterton,2010-05-26,390,F,Doncaster Central,3448,False,Winterton,E14000668,41745,6229,14.921547490717451
William Hague,2010-05-26,379,M,Richmond (Yorks),3698,False,Hague,E14000895,53412,23336,43.69055642926683
Paul Flynn,2010-05-26,545,M,Newport West,3630,True,Flynn,W07000056,39720,3544,8.92245720040282
Robert Smith,2010-05-26,639,M,West Aberdeenshire and Kincardine,3096,True,Smith,S14000058,45195,3684,8.151344175240624
Gisela Stuart,2010-05-26,296,F,"Birmingham, Edgbaston",3325,True,Stuart,E14000560,41571,1274,3.0646364051863078
David Cairns,2010-05-26,1421,M,Inverclyde,1555,True,Cairns,S14000038,37512,14416,38.43036894860312
Madeleine Moon,2010-05-26,1490,F,Bridgend,3362,True,Moon,W07000073,38347,2263,5.901374292643492
Jeremy Corbyn,2010-05-26,185,M,Islington North,3549,True,Corbyn,E14000763,44554,12401,27.833640077209676
Mike Gapes,2010-05-26,184,M,Ilford South,3546,True,Gapes,E14000760,51191,11287,22.048797640210193
David Burrowes,2010-05-26,1518,M,"Enfield, Southgate",3475,True,Burrowes,E14000692,44352,7626,17.19426406926407
Robert Flello,2010-05-26,1569,M,Stoke-on-Trent South,3779,True,Flello,E14000974,39852,4130,10.363344374184482
William Cash,2010-05-26,288,M,Stone,3780,True,Cash,E14000975,47229,13292,28.143725253551843
Mark Lancaster,2010-05-26,1544,M,Milton Keynes North,3612,True,Lancaster,E14000821,53888,8961,16.62893408551069
David Miliband,2010-05-26,1452,M,South Shields,3749,False,Miliband,E14000944,36518,11109,30.42061449148365
Julian Brazier,2010-05-26,77,M,Canterbury,3388,True,Brazier,E14000619,49209,6048,12.290434676583551
Menzies Campbell,2010-05-26,627,M,North East Fife,2135,True,Campbell,S14000049,40064,9048,22.583865814696484
James Arbuthnot,2010-05-26,56,M,North East Hampshire,3643,True,Arbuthnot,E14000844,52939,18597,35.12911086344661
Liam Fox,2010-05-26,223,M,North Somerset,3649,False,Fox,E14000850,57941,7862,13.56897533698072
Angus MacNeil,2010-05-26,1546,M,Na h-Eileanan an Iar,2025,False,MacNeil,S14000027,14717,1885,12.808316912414213
Ann Clwyd,2010-05-26,553,F,Cynon Valley,3435,True,Clwyd,W07000070,29876,9617,32.189717498995854
Ian Davidson,2010-05-26,611,M,Glasgow South West,1209,True,Davidson,S14000035,31781,14671,46.16280167395614
Bob Stewart,2010-05-26,3919,M,Beckenham,3312,True,Stewart,E14000551,47686,17784,37.29396468565198
Jeffrey M. Donaldson,2010-05-26,650,M,Lagan Valley,3563,False,Donaldson,N06000009,36540,10486,28.697318007662837
Yasmin Qureshi,2010-05-26,3924,F,Bolton South East,3345,True,Qureshi,E14000579,39604,8634,21.8008281991718
John Stanley,2010-05-26,91,M,Tonbridge and Malling,3805,True,Stanley,E14000997,51314,18178,35.42503020618155
Elfyn Llwyd,2010-05-26,549,M,Dwyfor Meirionnydd,3454,False,Llwyd,W07000061,28906,6367,22.026568878433544
James Morris,2010-05-26,3992,M,Halesowen and Rowley Regis,3508,True,Morris,E14000722,43979,2023,4.599922690374951
Angela Smith,2010-05-26,1564,F,Penistone and Stocksbridge,3676,True,Smith,E14000876,46516,3049,6.554733855017629
Jeremy Lefroy,2010-05-26,4109,M,Stafford,3770,True,Lefroy,E14000965,50239,5460,10.868050717570016
Jonathan Reynolds,2010-05-26,4119,M,Stalybridge and Hyde,3772,True,Reynolds,E14000967,40879,2744,6.712492967049095
Gordon Birtwistle,2010-05-26,3946,M,Burnley,3377,True,Birtwistle,E14000609,41845,1818,4.344605090213884
Thomas Docherty,2010-05-26,3962,M,Dunfermline and West Fife,929,True,Docherty,S14000017,48947,5470,11.17535293276401
John Woodcock,2010-05-26,3917,M,Barrow and Furness,3304,True,Woodcock,E14000543,44124,5208,11.803100353549087
Julian Huppert,2010-05-26,3931,M,Cambridge,3386,True,Huppert,E14000617,50130,6792,13.548773189706761
Alison Seabeck,2010-05-26,1552,F,"Plymouth, Moor View",3679,True,Seabeck,E14000879,41526,1588,3.8241101960217696
Patrick Mercer,2010-05-26,1435,M,Newark,3623,True,Mercer,E14000829,51228,16152,31.529632232372922
Bob Ainsworth,2010-05-26,306,M,Coventry North East,3427,False,Ainsworth,E14000649,43383,11775,27.141968052001936
Kevan Jones,2010-05-26,1438,M,North Durham,3639,False,Jones,E14000840,40967,12076,29.477384236092462
David Lidington,2010-05-26,15,M,Aylesbury,3299,False,Lidington,E14000538,53162,12618,23.734998683270007
Kerry McCarthy,2010-05-27,1491,F,Bristol East,3367,False,McCarthy,E14000599,45017,3722,8.267987649110337
Greg Knight,2010-05-27,1200,M,East Yorkshire,3466,True,Knight,E14000683,51254,13486,26.312092714714947
Heidi Alexander,2010-05-27,4038,F,Lewisham East,3575,True,Alexander,E14000787,41719,6216,14.899685994391046
Robert Halfon,2010-05-27,3985,M,Harlow,3515,True,Halfon,E14000729,43878,4925,11.224303751310453
Helen Goodman,2010-05-27,1484,F,Bishop Auckland,3334,False,Goodman,E14000569,41136,5218,12.684753014391287
Andrew George,2010-05-27,227,M,St Ives,3769,True,George,E14000964,45921,1719,3.743385379238257
Mark Tami,2010-05-27,1383,M,Alyn and Deeside,3292,True,Tami,W07000043,39923,2919,7.3115747814543
Catherine McKinnell,2010-05-27,4125,F,Newcastle upon Tyne North,3627,True,McKinnell,E14000833,43946,3414,7.7686251308423975
Bernard Jenkin,2010-05-27,40,M,Harwich and North Essex,3520,True,Jenkin,E14000734,49000,11447,23.361224489795916
Grahame Morris,2010-05-27,3973,M,Easington,3458,True,Morris,E14000677,34914,14982,42.911153119092624
Lilian Greenwood,2010-05-27,4029,F,Nottingham South,3666,True,Greenwood,E14000867,40789,1772,4.344308514550491
David Evennett,2010-05-27,1198,M,Bexleyheath and Crayford,3323,True,Evennett,E14000558,43182,10344,23.954425455050714
Vernon Coaker,2010-05-27,360,M,Gedling,3495,False,Coaker,E14000710,48190,1859,3.8576468146918446
Iain Wright,2010-05-27,1478,M,Hartlepool,3519,False,Wright,E14000733,38242,5509,14.405627320746822
Chi Onwurah,2010-05-27,4124,F,Newcastle upon Tyne Central,3625,True,Onwurah,E14000831,34157,7466,21.85789150101004
Gerry Sutcliffe,2010-05-27,403,M,Bradford South,3354,False,Sutcliffe,E14000588,37995,4622,12.164758520858006
Clive Betts,2010-05-27,394,M,Sheffield South East,3723,True,Betts,E14000920,41408,10505,25.36949381761978
Albert Owen,2010-05-27,1474,M,Ynys Môn,3875,True,Owen,W07000041,34444,2461,7.144930902334224
Adrian Bailey,2010-05-27,320,M,West Bromwich West,3842,True,Bailey,E14001030,36171,5651,15.623012910895467
Chris Huhne,2010-05-27,1517,M,Eastleigh,3468,False,Huhne,E14000685,53650,3864,7.2022367194780985
Rachel Reeves,2010-05-27,4031,F,Leeds West,3569,True,Reeves,E14000781,38752,7016,18.104872006606108
Emma Reynolds,2010-05-27,4077,F,Wolverhampton North East,3862,True,Reynolds,E14001049,34894,2484,7.118702355705853
Malcolm Bruce,2010-05-27,615,M,Gordon,1284,True,Bruce,S14000037,48775,6748,13.834956432598666
Malcolm Wicks,2010-05-27,156,M,Croydon North,3433,True,Wicks,E14000655,51676,16481,31.89294837061692
Alan Whitehead,2010-05-27,62,M,"Southampton, Test",3761,True,Whitehead,E14000956,44187,2413,5.460882159911286
Edward Miliband,2010-05-27,1510,M,Doncaster North,3449,False,Miliband,E14000669,41483,10909,26.29751946580527
Caroline Spelman,2010-05-27,312,F,Meriden,3601,False,Spelman,E14000812,52162,16253,31.15869790268778
Jamie Reed,2010-05-27,1503,M,Copeland,3425,True,Reed,E14000647,42787,3833,8.95832846425316
Caroline Lucas,2010-05-27,3930,F,"Brighton, Pavilion",3366,True,Lucas,E14000598,51834,1252,2.415403017324536
Geraint Davies,2010-05-27,155,M,Swansea West,3793,True,Davies,W07000047,35593,504,1.41600876576855
Nadhim Zahawi,2010-05-27,4113,M,Stratford-on-Avon,3783,True,Zahawi,E14000977,50542,11346,22.448656562858613
Thérèse  Coffey,2010-05-27,4098,F,Suffolk Coastal,3787,True,Coffey,E14000981,54893,9128,16.628714043684987
Chris Evans,2010-05-27,4040,M,Islwyn,3551,True,Evans,W07000077,34684,12215,35.21796793910737
Henry Smith,2010-05-27,3960,M,Crawley,3430,True,Smith,E14000652,47504,5928,12.478949141124957
Ian Paisley,2010-05-27,4129,M,North Antrim,3634,False,Paisley,N06000012,42397,12558,29.62002028445409
Damian Collins,2010-05-27,3986,M,Folkestone and Hythe,3488,True,Collins,E14000704,52800,10122,19.170454545454547
Tom Greatrex,2010-05-27,4047,M,Rutherglen and Hamilton West,2501,True,Greatrex,S14000056,46981,21002,44.703177880419744
Angie Bray,2010-05-27,3979,F,Ealing Central and Acton,3455,True,Bray,E14000674,47200,3716,7.872881355932202
Charles Hendry,2010-05-27,1220,M,Wealden,3835,False,Hendry,E14001023,54969,17179,31.25216030853754
Neil Parish,2010-05-27,4072,M,Tiverton and Honiton,3804,True,Parish,E14000996,54894,9320,16.978176121251867
Peter Aldous,2010-05-27,4069,M,Waveney,3834,True,Aldous,E14001022,51141,769,1.5036858880350403
Zac Goldsmith,2010-05-27,4062,M,Richmond Park,3699,True,Goldsmith,E14000896,59268,4091,6.90254437470473
Nia Griffith,2010-05-27,1541,F,Llanelli,3585,True,Griffith,W07000045,37461,4701,12.549051013053575
John Glen,2010-05-27,4051,M,Salisbury,3715,True,Glen,E14000912,48481,5966,12.305851776984799
Chris Heaton-Harris,2010-05-27,3977,M,Daventry,3439,True,Heaton-Harris,E14000660,51774,19188,37.06107312550701
Nick De Bois,2010-05-27,4002,M,Enfield North,3474,True,Bois,E14000691,44453,1692,3.8062672935459925
Stephen Mosley,2010-05-27,3954,M,City of Chester,3416,True,Mosley,E14000640,46790,2583,5.520410344090617
Hilary Benn,2010-05-27,413,M,Leeds Central,3565,False,Benn,E14000777,37394,10645,28.4671337647751
Robert Neill,2010-05-27,1601,M,Bromley and Chislehurst,3372,False,Neill,E14000604,44037,13900,31.564366328314826
Stephen Metcalfe,2010-06-02,4092,M,South Basildon and East Thurrock,3737,True,Metcalfe,E14000933,44735,5772,12.902648932603109
Andrew Mitchell,2010-06-02,1211,M,Sutton Coldfield,3791,False,Mitchell,E14000985,50589,17005,33.614026764711696
Douglas Alexander,2010-06-02,632,M,Paisley and Renfrewshire South,2286,False,Alexander,S14000053,39998,16614,41.53707685384269
Tom Clarke,2010-06-02,583,M,"Coatbridge, Chryston and Bellshill",728,True,Clarke,S14000011,41635,20714,49.75141107241504
Mark Pritchard,2010-06-02,1576,M,The Wrekin,3800,True,Pritchard,E14000992,45968,9450,20.55777932474765
Gareth Thomas,2010-06-02,177,M,Harrow West,3518,False,Thomas,E14000732,46116,3143,6.815421979356405
John Howell,2010-06-02,1606,M,Henley,3528,True,Howell,E14000742,53520,16588,30.994020926756356
Greg Hands,2010-06-02,1526,M,Chelsea and Fulham,3405,True,Hands,E14000629,39856,16722,41.95604175030108
Alan Duncan,2010-06-02,343,M,Rutland and Melton,3712,False,Duncan,E14000909,55220,14000,25.353132922854037
Pauline Latham,2010-06-02,4025,F,Mid Derbyshire,3604,True,Latham,E14000814,47342,11292,23.8519707659161
Ann McKechin,2010-06-02,1419,F,Glasgow North,1205,False,McKechin,S14000031,29613,3898,13.163137811096478
Gregory Campbell,2010-06-02,1409,M,East Londonderry,3463,False,Campbell,N06000006,34950,5355,15.321888412017168
Stephen O'Brien,2010-06-02,427,M,Eddisbury,3469,False,O'Brien,E14000686,45414,13255,29.187034835072883
Virendra Sharma,2010-06-02,1604,M,"Ealing, Southall",3457,True,Sharma,E14000676,42756,9291,21.73028346898681
Gordon Marsden,2010-06-02,465,M,Blackpool South,3338,False,Marsden,E14000573,35192,1852,5.262559672652876
Adam Holloway,2010-06-02,1522,M,Gravesham,3501,True,Holloway,E14000715,47303,9312,19.685855019766187
Jim Dobbin,2010-06-02,446,M,Heywood and Middleton,3533,True,Dobbin,E14000747,46125,5971,12.945257452574527
Karen Bradley,2010-06-02,4110,F,Staffordshire Moorlands,3771,True,Bradley,E14000966,43815,6689,15.266461257560197
Ronnie Campbell,2010-06-02,514,M,Blyth Valley,3341,True,Campbell,E14000575,38566,6668,17.28984079240782
Toby Perkins,2010-06-02,3952,M,Chesterfield,3408,True,Perkins,E14000632,45839,549,1.1976701062414101
Bridget Phillipson,2010-06-02,4046,F,Houghton and Sunderland South,3540,True,Phillipson,E14000754,38021,10990,28.905078772257436
Neil Carmichael,2010-06-02,4104,M,Stroud,3786,True,Carmichael,E14000980,57973,1299,2.240698256084729
Philip Hollobone,2010-06-02,1537,M,Kettering,3556,True,Hollobone,E14000769,47328,9094,19.214841108857335
Ian Mearns,2010-06-02,4000,M,Gateshead,3494,True,Mearns,E14000709,38257,12549,32.80184018610973
Nicholas Soames,2010-06-02,116,M,Mid Sussex,3607,True,Soames,E14000817,55855,7402,13.25217079939128
Sammy Wilson,2010-06-02,1593,M,East Antrim,3459,False,Wilson,N06000005,30502,6770,22.195265884204314
Anne Main,2010-06-02,1568,F,St Albans,3765,True,Main,E14000960,52835,2305,4.362638402574051
Robert Walter,2010-06-02,244,M,North Dorset,3637,True,Walter,E14000839,54141,7625,14.083596534973495
Frank Dobson,2010-06-02,180,M,Holborn and St Pancras,3536,True,Dobson,E14000750,54649,9942,18.192464637962267
Andrew Murrison,2010-06-02,1466,M,South West Wiltshire,3759,True,Murrison,E14000954,49018,10367,21.149373699457342
Anas Sarwar,2010-06-02,3981,M,Glasgow Central,1203,True,Sarwar,S14000029,30580,10551,34.5029431000654
Meg Hillier,2010-06-02,1524,F,Hackney South and Shoreditch,3507,False,Hillier,E14000721,42858,14288,33.33799990666853
Andrew Gwynne,2010-06-02,1506,M,Denton and Reddish,3441,True,Gwynne,E14000661,37635,9831,26.121960940613793
Barry Gardiner,2010-06-02,146,M,Brent North,3359,True,Gardiner,E14000592,52298,8028,15.350491414585644
Andy Slaughter,2010-06-02,1516,M,Hammersmith,3512,True,Slaughter,E14000726,47452,3549,7.4791368119362724
Stephen Pound,2010-06-02,161,M,Ealing North,3456,False,Pound,E14000675,47678,9301,19.507949158941233
Valerie Vaz,2010-06-02,4076,F,Walsall South,3824,True,Vaz,E14001012,40882,1755,4.292842815909202
Michael Gove,2010-06-02,1571,M,Surrey Heath,3789,False,Gove,E14000983,54347,17289,31.812243546101897
David Wright,2010-06-02,1461,M,Telford,3797,True,Wright,E14000989,41310,978,2.3674655047204065
Kate Green,2010-06-02,4120,F,Stretford and Urmston,3785,True,Green,E14000979,44910,8935,19.89534624805166
Jim Cunningham,2010-06-02,308,M,Coventry South,3429,True,Cunningham,E14000651,45924,3845,8.372528525389775
Ed Balls,2010-06-02,1549,M,Morley and Outwood,3619,False,Balls,E14000826,48856,1101,2.253561486818405
Barry Sheerman,2010-06-02,411,M,Huddersfield,3542,True,Sheerman,E14000756,40524,4472,11.035435791136116
Stewart Hosie,2010-06-02,1514,M,Dundee East,922,True,Hosie,S14000015,40568,1821,4.488759613488464
Lindsay Roy,2010-06-02,1608,M,Glenrothes,1274,True,Roy,S14000036,40501,16448,40.6113429298042
David Ward,2010-06-02,3923,M,Bradford East,3353,True,Ward,E14000587,40457,365,0.9021924512445313
Stephen Dorrell,2010-06-02,336,M,Charnwood,3401,True,Dorrell,E14000625,53542,15029,28.069552874378996
Stephen Twigg,2010-06-02,167,M,"Liverpool, West Derby",3584,True,Twigg,E14000796,35784,18467,51.60686340263805
Duncan Hames,2010-06-02,3951,M,Chippenham,3411,True,Hames,E14000635,52385,2470,4.715090197575642
Gavin Shuker,2010-06-02,4013,M,Luton South,3590,True,Shuker,E14000801,42216,2329,5.516865643357968
Sarah Wollaston,2010-06-02,4073,F,Totnes,3810,True,Wollaston,E14001001,47843,4927,10.298267249127354
Charlotte Leslie,2010-06-02,3933,F,Bristol North West,3368,True,Leslie,E14000600,50336,3274,6.504291163382073
Hywel Williams,2010-06-02,1397,M,Arfon,3294,False,Williams,W07000057,26078,1455,5.579415599355779
Gavin Barwell,2010-06-02,3955,M,Croydon Central,3432,True,Barwell,E14000654,49667,2879,5.796605391910122
Roberta Blackman-Woods,2010-06-02,1501,F,City of Durham,3417,True,Blackman-Woods,E14000641,46252,3067,6.6310646026117785
Chuka Umunna,2010-06-02,4128,M,Streatham,3784,True,Umunna,E14000978,46837,3259,6.958174093131499
Paul Maynard,2010-06-02,3926,M,Blackpool North and Cleveleys,3337,True,Maynard,E14000572,40591,2150,5.2967406567958415
Cathy Jamieson,2010-06-02,4011,F,Kilmarnock and Loudoun,1624,True,Jamieson,S14000040,46553,12378,26.589049040878137
Luciana Berger,2010-06-02,4036,F,"Liverpool, Wavertree",3583,True,Berger,E14000795,37914,7167,18.90330748536161
Lisa Nandy,2010-06-02,4082,F,Wigan,3852,True,Nandy,E14001039,44140,10487,23.758495695514274
Paul Blomfield,2010-06-02,4058,M,Sheffield Central,3722,True,Blomfield,E14000919,41468,165,0.3978971737243176
Christopher Pincher,2010-06-02,4075,M,Tamworth,3794,True,Pincher,E14000986,46390,6090,13.127829273550335
Simon Wright,2010-06-02,4096,M,Norwich South,3663,True,Wright,E14000864,47551,310,0.6519316102710774
Stella Creasy,2010-06-02,4088,F,Walthamstow,3825,True,Creasy,E14001013,40994,9478,23.120456652193003
Gordon Henderson,2010-06-02,4050,M,Sittingbourne and Sheppey,3730,True,Henderson,E14000927,48578,12383,25.490962987360533
Owen Smith,2010-06-02,4042,M,Pontypridd,3681,True,Smith,W07000075,36671,2785,7.594557006899184
Andy Burnham,2010-06-02,1427,M,Leigh,3573,False,Burnham,E14000785,44332,12011,27.093296038978615
Andrew Lansley,2010-06-02,123,M,South Cambridgeshire,3738,False,Lansley,E14000934,59056,7838,13.272148469249526
Anne Milton,2010-06-02,1523,F,Guildford,3505,False,Milton,E14000719,55567,7782,14.004715028704087
Alison McGovern,2010-06-03,4083,F,Wirral South,3856,True,McGovern,E14001043,39906,531,1.3306269733874605
Steve McCabe,2010-06-03,298,M,"Birmingham, Selly Oak",3332,False,McCabe,E14000567,46563,3482,7.478040504263042
Vince Cable,2010-06-03,207,M,Twickenham,3814,False,Cable,E14001005,59721,12140,20.32785787244018
Margot James,2010-06-03,4115,F,Stourbridge,3781,True,James,E14000976,47234,5164,10.932802642164543
Pat McFadden,2010-06-03,1587,M,Wolverhampton South East,3863,False,McFadden,E14001050,34707,6593,18.996167920016134
Harriett Baldwin,2010-06-03,4107,F,West Worcestershire,3848,True,Baldwin,E14001035,54093,6754,12.485903906235556
Edward Davey,2010-06-03,188,M,Kingston and Surbiton,3557,False,Davey,E14000770,57111,7560,13.237379839260388
Mark Prisk,2010-06-03,1424,M,Hertford and Stortford,3530,False,Prisk,E14000744,55377,15437,27.876194087798183
John Cryer,2010-06-03,181,M,Leyton and Wanstead,3578,True,Cryer,E14000790,40159,6416,15.976493438581638
John Hayes,2010-06-03,350,M,South Holland and The Deepings,3744,False,Hayes,E14000939,50188,21880,43.59607874392285
Wayne David,2010-06-03,1398,M,Caerphilly,3382,False,David,W07000076,38692,10755,27.79644370929391
David Willetts,2010-06-03,53,M,Havant,3522,False,Willetts,E14000736,43903,12160,27.6974238662506
Lorely Burt,2010-06-03,1567,F,Solihull,3734,True,Burt,E14000931,55129,175,0.3174372834624245
Rob Wilson,2010-06-03,1556,M,Reading East,3691,True,Wilson,E14000889,49985,7605,15.214564369310793
David Lammy,2010-06-03,206,M,Tottenham,3811,False,Lammy,E14001002,40687,16931,41.6128001572984
Adrian Sanders,2010-06-03,237,M,Torbay,3807,True,Sanders,E14000999,49210,4078,8.286933550091446
John Mann,2010-06-03,1387,M,Bassetlaw,3307,True,Mann,E14000546,49577,8215,16.570183754563608
Edward Vaizey,2010-06-03,1580,M,Wantage,3827,False,Vaizey,E14001015,56341,13547,24.044656644362007
Robert Buckland,2010-06-03,4106,M,South Swindon,3752,True,Buckland,E14000947,47119,3544,7.5213820327256515
Ian Lavery,2010-06-03,4139,M,Wansbeck,3826,True,Lavery,E14001014,38273,7031,18.370652940715388
Phil Wilson,2010-06-03,1603,M,Sedgefield,3718,True,Wilson,E14000915,40222,8696,21.62000895032569
Greg Mulholland,2010-06-03,1540,M,Leeds North West,3568,True,Mulholland,E14000780,43483,9103,20.934618126624198
Stephen Hepburn,2010-06-03,520,M,Jarrow,3552,True,Hepburn,E14000765,38784,12908,33.28176567656766
Natascha Engel,2010-06-03,1507,F,North East Derbyshire,3642,True,Engel,E14000843,47034,2445,5.198367138665646
David T. C. Davies,2010-06-03,1545,M,Monmouth,3616,True,Davies,W07000054,46519,10425,22.410197983619597
John Pugh,2010-06-03,1454,M,Southport,3763,True,Pugh,E14000958,43757,6024,13.766940146719381
Liz Kendall,2010-06-03,4026,F,Leicester West,3572,True,Kendall,E14000784,35819,4017,11.214718445517741
Nic Dakin,2010-06-03,4056,M,Scunthorpe,3717,True,Dakin,E14000914,37034,2549,6.8828643948803805
Andrew Love,2010-06-03,164,M,Edmonton,3470,True,Love,E14000687,40377,9613,23.80810857666493
Paul Goggins,2010-06-03,462,M,Wythenshawe and Sale East,3873,False,Goggins,E14001059,40751,7575,18.58850089568354
Theresa May,2010-06-03,8,F,Maidenhead,3592,False,May,E14000803,53720,16769,31.215562174236783
Alan Johnson,2010-06-03,376,M,Kingston upon Hull West and Hessle,3560,False,Johnson,E14000773,31505,5742,18.225678463735914
Rory Stewart,2010-06-03,4137,M,Penrith and The Border,3677,True,Stewart,E14000877,45087,11241,24.93179852285581
Tony Cunningham,2010-06-03,1469,M,Workington,3866,True,Cunningham,E14001053,39259,4575,11.65337884306783
Ben Wallace,2010-06-03,1539,M,Wyre and Preston North,3871,True,Wallace,E14001057,51308,15844,30.880174631636393
Kate Hoey,2010-06-03,210,F,Vauxhall,3820,True,Hoey,E14001008,43191,10651,24.660230140538538
John Whittingdale,2010-06-03,39,M,Maldon,3595,True,Whittingdale,E14000806,47895,19407,40.51988725336674
Kelvin Hopkins,2010-06-03,2,M,Luton North,3589,True,Hopkins,E14000800,43018,7520,17.481054442326467
John Spellar,2010-06-03,318,M,Warley,3828,True,Spellar,E14001016,38270,10756,28.105565717272015
Mark Garnier,2010-06-03,4074,M,Wyre Forest,3872,True,Garnier,E14001058,50899,2643,5.192636397571661
Simon Kirby,2010-06-03,3929,M,"Brighton, Kemptown",3365,True,Kirby,E14000597,42705,1328,3.1097061234047536
Julian Sturdy,2010-06-03,4079,M,York Outer,3877,True,Sturdy,E14001062,53300,3688,6.919324577861163
Julie Elliott,2010-06-03,4127,F,Sunderland Central,3788,True,Elliott,E14000982,42463,6725,15.837317193792241
Dan Byles,2010-06-03,4112,M,North Warwickshire,3653,True,Byles,E14000854,47265,54,0.11424944462075531
Andrew Bridgen,2010-06-03,4133,M,North West Leicestershire,3657,True,Bridgen,E14000858,51952,7511,14.457576224206962
Bill Esterson,2010-06-03,4061,M,Sefton Central,3719,True,Esterson,E14000916,48463,3862,7.96896601531065
Mike Weatherley,2010-06-03,3984,M,Hove,3541,True,Weatherley,E14000755,49819,1868,3.7495734559103955
Gareth Johnson,2010-06-03,3970,M,Dartford,3438,True,Johnson,E14000659,50080,10628,21.222044728434504
Charlie Elphicke,2010-06-03,3971,M,Dover,3450,True,Elphicke,E14000670,50385,5274,10.467401012206015
Brandon Lewis,2010-06-03,4009,M,Great Yarmouth,3503,True,Lewis,E14000717,43057,4276,9.93102166895046
Nick Raynsford,2010-06-03,171,M,Greenwich and Woolwich,3504,True,Raynsford,E14000718,41188,10153,24.65038360687579
Jim Fitzpatrick,2010-06-03,197,M,Poplar and Limehouse,3683,False,Fitzpatrick,E14000882,46700,6030,12.91220556745182
Mark Field,2010-06-03,1405,M,Cities of London and Westminster,3415,True,Field,E14000639,36931,11076,29.991064417427094
Theresa Villiers,2010-06-03,1500,F,Chipping Barnet,3412,False,Villiers,E14000636,50608,11927,23.567420170723995
Tim Loughton,2010-06-07,114,M,East Worthing and Shoreham,3465,False,Loughton,E14000682,48397,11105,22.945637126268156
Alex Cunningham,2010-06-07,4122,M,Stockton North,3775,True,Cunningham,E14000970,39498,6676,16.902121626411464
Bob Blackman,2010-06-07,4005,M,Harrow East,3517,True,Blackman,E14000731,48006,3403,7.088697246177561
Nick Gibb,2010-06-07,111,M,Bognor Regis and Littlehampton,3342,False,Gibb,E14000576,46852,13063,27.88141381371126
Sarah Teather,2010-06-07,1170,F,Brent Central,3358,False,Teather,E14000591,45323,1345,2.967588200251528
Diana Johnson,2010-06-07,1533,F,Kingston upon Hull North,3559,False,Johnson,E14000772,33291,641,1.9254453155507494
Amber Rudd,2010-06-07,3983,F,Hastings and Rye,3521,True,Rudd,E14000735,49814,1993,4.000883285823263
Hazel Blears,2010-06-07,456,F,Salford and Eccles,3714,True,Blears,E14000911,41533,5725,13.78421977704476
Andrew Turner,2010-06-07,1426,M,Isle of Wight,3548,True,Turner,E14000762,70264,10527,14.98206763065012
Geoffrey Robinson,2010-06-07,307,M,Coventry North West,3428,True,Robinson,E14000650,46560,6288,13.505154639175258
Claire Perry,2010-06-07,3974,F,Devizes,3445,True,Perry,E14000665,46340,13005,28.064307293914542
Julie Hilling,2010-06-07,3925,F,Bolton West,3346,True,Hilling,E14000580,47576,92,0.1933748108289894
Elizabeth Truss,2010-06-07,4097,F,South West Norfolk,3757,True,Truss,E14000952,49150,13140,26.734486266531025
Tom Brake,2010-06-07,151,M,Carshalton and Wallington,3396,True,Brake,E14000621,45918,5260,11.455202752733133
Matthew Offord,2010-06-07,4006,M,Hendon,3527,True,Offord,E14000741,46374,106,0.22857635744166993
Ian Austin,2010-06-07,1511,M,Dudley North,3451,False,Austin,E14000671,38602,649,1.6812600383399823
Annette Brooke,2010-06-07,1431,F,Mid Dorset and North Poole,3605,True,Brooke,E14000815,46788,269,0.5749337436949645
Meg Munn,2010-06-07,1448,F,"Sheffield, Heeley",3726,True,Munn,E14000923,40871,5807,14.20811822563676
Anne McIntosh,2010-06-07,384,F,Thirsk and Malton,3801,True,McIntosh,E14000993,38142,11281,29.576320067117614
Eleanor Laing,2010-06-07,36,F,Epping Forest,3476,True,Laing,E14000693,46584,15131,32.48110939378328
Anne McGuire,2010-06-07,636,F,Stirling,2784,True,McGuire,S14000057,46841,8304,17.72805875194808
Mark Harper,2010-06-07,1520,M,Forest of Dean,3489,False,Harper,E14000705,48763,11064,22.689334126284272
Nick Clegg,2010-06-07,1563,M,"Sheffield, Hallam",3725,False,Clegg,E14000922,51135,15284,29.88950816466217
Emily Thornberry,2010-06-07,1536,F,Islington South and Finsbury,3550,False,Thornberry,E14000764,43555,3569,8.194237171392492
David Davis,2010-06-07,373,M,Haltemprice and Howden,3510,True,Davis,E14000724,48737,11602,23.805322444959682
Alun Michael,2010-06-07,562,M,Cardiff South and Penarth,3391,True,Michael,W07000080,44369,4709,10.613266019067368
John Thurso,2010-06-07,1399,M,"Caithness, Sutherland and Easter Ross",543,True,Thurso,S14000009,28768,4826,16.77558398220245
Jenny Chapman,2010-06-07,3972,F,Darlington,3437,True,Chapman,E14000658,42896,3388,7.898172323759792
Paul Murphy,2010-06-07,546,M,Torfaen,3808,True,Murphy,W07000053,37640,9306,24.723698193411263
Tristram Hunt,2010-06-07,4111,M,Stoke-on-Trent Central,3777,True,Hunt,E14000972,32470,5566,17.141977209732058
Dominic Raab,2010-06-07,4007,M,Esher and Walton,3480,True,Raab,E14000697,54543,18593,34.08870065819629
Ian Swales,2010-06-07,4045,M,Redcar,3693,True,Swales,E14000891,41963,5214,12.42523175178133
Nicola Blackwood,2010-06-07,4019,F,Oxford West and Abingdon,3674,True,Blackwood,E14000874,56480,176,0.311614730878187
Fiona O'Donnell,2010-06-07,3964,F,East Lothian,991,True,O'Donnell,S14000020,49161,12258,24.934399218893024
Michael Ellis,2010-06-07,4116,M,Northampton North,3660,True,Ellis,E14000861,40271,1936,4.807429664026222
Margaret Curran,2010-06-07,3982,F,Glasgow East,1204,True,Curran,S14000030,32164,11840,36.81134187290138
Nigel Mills,2010-06-07,4136,M,Amber Valley,3293,True,Mills,E14000533,45958,536,1.1662822577135645
Michael McCann,2010-06-07,3963,M,"East Kilbride, Strathaven and Lesmahagow",985,True,McCann,S14000019,50946,14503,28.467396851568328
Guy Opperman,2010-06-07,4142,M,Hexham,3532,True,Opperman,E14000746,43483,5788,13.310949106547387
Gemma Doyle,2010-06-07,4063,F,West Dunbartonshire,3117,True,Doyle,S14000059,42266,17408,41.18676950740548
Mark Reckless,2010-06-07,4049,M,Rochester and Strood,3701,True,Reckless,E14000898,47971,9953,20.74795188759876
Stephen Lloyd,2010-06-07,3968,M,Eastbourne,3467,True,Lloyd,E14000684,52124,3435,6.590054485457754
Eilidh Whiteford,2010-06-07,3911,F,Banff and Buchan,110,True,Whiteford,S14000007,38466,4027,10.46898559767067
Matthew Hancock,2015-07-01,4070,M,West Suffolk,3846,False,Hancock,E14001034,48089,13050,27.137183139595333
Siobhain McDonagh,2010-06-07,193,F,Mitcham and Morden,3614,True,McDonagh,E14000823,43797,13666,31.203050437244563
Jacob Rees-Mogg,2010-06-07,4099,M,North East Somerset,3645,True,Rees-Mogg,E14000846,51203,4914,9.597093920278109
Simon Hart,2010-06-07,3944,M,Carmarthen West and South Pembrokeshire,3395,True,Hart,W07000066,40507,3423,8.450391290394252
John Hemming,2010-06-07,1483,M,"Birmingham, Yardley",3333,True,Hemming,E14000568,40850,3002,7.348837209302325
Crispin Blunt,2010-06-07,104,M,Reigate,3695,False,Blunt,E14000893,49978,13591,27.193965344751692
Glenda Jackson,2010-06-07,175,F,Hampstead and Kilburn,3513,True,Jackson,E14000727,52822,42,0.0795123244102836
Russell Brown,2010-06-07,588,M,Dumfries and Galloway,911,True,Brown,S14000013,52173,7449,14.277499856247482
George Osborne,2010-06-08,1458,M,Tatton,3795,False,Osborne,E14000987,45231,14487,32.028918219805
Liam Byrne,2010-06-08,1171,M,"Birmingham, Hodge Hill",3328,False,Byrne,E14000563,42472,10302,24.255980410623472
John Robertson,2010-06-08,605,M,Glasgow North West,1207,True,Robertson,S14000033,35582,13611,38.2524872126356
Justine Greening,2010-06-08,1555,F,Putney,3689,False,Greening,E14000887,40785,10053,24.648767929385805
Karen Lumley,2010-06-08,4023,F,Redditch,3694,True,Lumley,E14000892,44018,5821,13.224135580898725
Kwasi Kwarteng,2010-06-08,4134,M,Spelthorne,3764,True,Kwarteng,E14000959,47304,10019,21.180027059022493
Chris Skidmore,2010-06-08,4021,M,Kingswood,3561,True,Skidmore,E14000774,47906,2445,5.103744833632531
Mark Durkan,2010-06-08,1594,M,Foyle,3490,False,Durkan,N06000008,37889,4824,12.731927472353455
Danny Alexander,2010-06-08,1535,M,"Inverness, Nairn, Badenoch and Strathspey",1561,True,Alexander,S14000039,47086,8765,18.614874909739626
Tom Watson,2010-06-08,1463,M,West Bromwich East,3841,True,Watson,E14001029,37950,6696,17.64426877470356
David Gauke,2010-06-08,1529,M,South West Hertfordshire,3756,False,Gauke,E14000951,56750,14920,26.290748898678412
Derek Twigg,2010-06-08,429,M,Halton,3511,True,Twigg,E14000725,41338,15504,37.505442933862305
Mark Williams,2010-06-08,1498,M,Ceredigion,3400,True,Williams,W07000064,38258,8324,21.757540906477075
James Clappison,2010-06-08,67,M,Hertsmere,3531,True,Clappison,E14000745,47270,17605,37.243494817008674
Huw Irranca-Davies,2010-06-08,1476,M,Ogmore,3668,False,Irranca-Davies,W07000074,34650,13246,38.22799422799423
Alec Shelbrooke,2010-06-08,3997,M,Elmet and Rothwell,3472,True,Shelbrooke,E14000689,55789,4521,8.103748050690998
Ivan Lewis,2010-06-08,441,M,Bury South,3380,False,Lewis,E14000612,48267,3292,6.820394886775643
Sajid Javid,2010-06-08,3945,M,Bromsgrove,3373,True,Javid,E14000605,51630,11308,21.90199496416812
Nick Smith,2010-06-08,3928,M,Blaenau Gwent,3339,True,Smith,W07000072,32395,10516,32.46179966044143
Nicky Morgan,2010-06-08,4027,F,Loughborough,3586,True,Morgan,E14000797,52838,3744,7.08580945531625
Michael Meacher,2010-06-08,454,M,Oldham West and Royton,3671,True,Meacher,E14000871,42910,9352,21.794453507340947
Andrew Bingham,2010-06-08,3994,M,High Peak,3534,True,Bingham,E14000748,50337,4677,9.291376124918052
Jim Shannon,2010-06-08,4131,M,Strangford,3782,False,Shannon,N06000016,32505,5876,18.07721888940163
Guto Bebb,2010-06-08,3910,M,Aberconwy,3288,True,Bebb,W07000058,29966,3398,11.339518120536608
Rushanara Ali,2010-06-08,4138,F,Bethnal Green and Bow,3320,True,Ali,E14000555,50728,11574,22.815801923986754
Robin Walker,2010-06-08,4091,M,Worcester,3865,True,Walker,E14001052,48974,2982,6.088945154571814
Mark Pawsey,2010-06-08,4052,M,Rugby,3708,True,Pawsey,E14000905,47468,6000,12.640094379371366
Gavin Williamson,2010-06-08,4108,M,South Staffordshire,3750,True,Williamson,E14000945,50440,16590,32.89056304520222
Jonathan Edwards,2010-06-08,3943,M,Carmarthen East and Dinefwr,3394,True,Edwards,W07000067,38011,3481,9.157875351871827
Stephen Gilbert,2010-06-08,4101,M,St Austell and Newquay,3766,True,Gilbert,E14000961,47238,1312,2.7774249544857956
Alun Cairns,2010-06-08,4086,M,Vale of Glamorgan,3819,True,Cairns,W07000078,48667,4307,8.849939383976823
Shabana Mahmood,2010-06-08,3914,F,"Birmingham, Ladywood",3329,True,Mahmood,E14000564,35833,10105,28.200262328021658
Damian Hinds,2010-06-08,3969,M,East Hampshire,3462,True,Hinds,E14000680,51317,13497,26.301225714675446
Margaret Ritchie,2010-06-08,4130,F,South Down,3741,False,Ritchie,N06000015,42589,8412,19.751579046232596
Nick Boles,2010-06-08,3995,M,Grantham and Stamford,3500,True,Boles,E14000714,52799,14826,28.080077274190803
Naomi Long,2010-06-08,3920,F,Belfast East,3314,True,Long,N06000001,34488,1533,4.445024356297843
Steve Baker,2010-06-08,4064,M,Wycombe,3870,True,Baker,E14001056,48151,9560,19.85420863533468
Ian Murray,2010-06-08,3966,M,Edinburgh South,1047,True,Murray,S14000024,43801,316,0.7214447158740668
Mike Crockart,2010-06-08,3967,M,Edinburgh West,1054,True,Crockart,S14000026,46447,3803,8.187826985596486
Joseph Johnson,2010-06-08,4039,M,Orpington,3672,True,Johnson,E14000872,48911,17200,35.1659135981681
David Rutley,2010-06-08,4033,M,Macclesfield,3591,True,Rutley,E14000802,50059,11959,23.889810024171478
Sheila Gilmore,2010-06-08,3965,F,Edinburgh East,1035,True,Gilmore,S14000022,39865,9181,23.030227016179605
Iain Duncan Smith,2010-06-08,152,M,Chingford and Woodford Green,3410,False,Smith,E14000634,43106,12963,30.072379715120867
Dan Rogerson,2010-06-08,1504,M,North Cornwall,3635,True,Rogerson,E14000837,46844,2981,6.363675177183844
Sarah Newton,2010-06-08,4071,F,Truro and Falmouth,3812,True,Newton,E14001003,48768,435,0.8919783464566929
Andrew Stunell,2010-06-08,445,M,Hazel Grove,3524,False,Stunell,E14000738,41981,6371,15.175912912984446
Andrew Stephenson,2010-06-09,4044,M,Pendle,3675,True,Stephenson,E14000875,45045,3585,7.958707958707959
Francis Maude,2010-06-09,115,M,Horsham,3539,False,Maude,E14000753,55841,11460,20.522555111835388
Hugh Bayley,2010-06-09,385,M,York Central,3876,True,Bayley,E14001061,46483,6451,13.878192027192737
Oliver Letwin,2010-06-09,247,M,West Dorset,3843,False,Letwin,E14001031,57337,3923,6.8420042904232865
Fiona Bruce,2010-06-09,3958,F,Congleton,3424,True,Bruce,E14000646,50780,7063,13.90901929893659
Nick Hurd,2010-06-09,1561,M,"Ruislip, Northwood and Pinner",3709,False,Hurd,E14000906,50205,19060,37.9643461806593
Katy Clark,2010-06-09,1590,F,North Ayrshire and Arran,2104,True,Clark,S14000048,46116,9895,21.45676121085957
Tessa Jowell,2010-06-09,159,F,Dulwich and West Norwood,3453,False,Jowell,E14000673,48214,9365,19.423818807815156
Tim Farron,2010-06-09,1591,M,Westmorland and Lonsdale,3850,True,Farron,E14001037,51487,12264,23.819604948822032
Jonathan Evans,2010-06-09,1166,M,Cardiff North,3390,True,Evans,W07000051,47630,194,0.40730631954650426
James Gray,2010-06-09,261,M,North Wiltshire,3659,True,Gray,E14000860,48699,7483,15.36581859997125
Frank Roy,2010-06-09,626,M,Motherwell and Wishaw,2022,False,Roy,S14000047,39123,16806,42.95682846407484
Aidan Burley,2010-06-09,3937,M,Cannock Chase,3387,True,Burley,E14000618,45559,3195,7.012884391667947
Dave Watts,2010-06-09,489,M,St Helens North,3767,True,Watts,E14000962,44556,13101,29.403447347158636
Nadine Dorries,2010-06-09,1481,F,Mid Bedfordshire,3603,True,Dorries,E14000813,54897,15152,27.600779641874784
Heather Wheeler,2010-06-09,4053,F,South Derbyshire,3739,True,Wheeler,E14000935,50419,7128,14.137527519387532
John Healey,2010-06-09,400,M,Wentworth and Dearne,3840,False,Healey,E14001028,42106,13920,33.05942146012445
Graham Stringer,2010-06-09,449,M,Blackley and Broughton,3336,True,Stringer,E14000571,34204,12303,35.969477254122324
Caroline Dinenage,2010-06-09,4008,F,Gosport,3498,True,Dinenage,E14000713,46939,14413,30.705809667866806
Jack Dromey,2010-06-09,3913,M,"Birmingham, Erdington",3326,True,Dromey,E14000561,35546,3277,9.21904011703145
Susan Elan Jones,2010-06-09,3956,F,Clwyd South,3420,True,Jones,W07000062,34681,2834,8.171621348865372
Mike Freer,2010-06-09,4004,M,Finchley and Golders Green,3487,True,Freer,E14000703,47157,5809,12.318425684415887
Richard Shepherd,2010-06-09,295,M,Aldridge-Brownhills,3290,True,Shepherd,E14000531,38634,15266,39.51441735259098
Kris Hopkins,2010-06-09,4043,M,Keighley,3553,True,Hopkins,E14000766,47692,2940,6.164555900360647
Nigel Adams,2010-06-09,4057,M,Selby and Ainsty,3720,True,Adams,E14000917,51728,12265,23.710562944633466
Gloria De Piero,2010-06-09,3915,F,Ashfield,3296,True,Piero,E14000535,48196,192,0.39837330898829776
Damian Green,2010-06-09,76,M,Ashford,3297,False,Green,E14000536,55185,17297,31.343662227054452
Frank Field,2010-06-09,478,M,Birkenhead,3324,True,Field,E14000559,35323,15395,43.583500835149906
Simon Burns,2010-06-09,46,M,Chelmsford,3404,False,Burns,E14000628,54593,5110,9.360174381330939
John Leech,2010-06-09,1543,M,"Manchester, Withington",3598,True,Leech,E14000809,45031,1894,4.20599142812729
Peter Soulsby,2010-06-09,1592,M,Leicester South,3571,True,Soulsby,E14000783,47124,8808,18.69111280875987
William Bain,2010-06-09,1610,M,Glasgow North East,1206,False,Bain,S14000032,29409,15942,54.207895542180964
Anne Marie Morris,2010-06-09,4249,F,Newton Abbot,3632,True,Morris,E14000835,48283,523,1.083196984445871
Norman Baker,2010-06-09,28,M,Lewes,3574,False,Baker,E14000786,50088,7647,15.267129851461428
Maria Miller,2010-06-09,1480,F,Basingstoke,3306,False,Miller,E14000545,50654,13176,26.011766099419592
Steve Rotheram,2010-06-09,4035,M,"Liverpool, Walton",3582,True,Rotheram,E14000794,34335,19818,57.71952817824377
Eric Pickles,2010-06-10,33,M,Brentwood and Ongar,3361,False,Pickles,E14000594,50592,16921,33.44599936748893
Lorraine Fullbrook,2010-06-10,4121,F,South Ribble,3748,True,Fullbrook,E14000943,51458,5554,10.793268296474794
John Denham,2010-06-10,61,M,"Southampton, Itchen",3760,False,Denham,E14000955,44412,192,0.4323155903809781
Grant Shapps,2010-06-10,1582,M,Welwyn Hatfield,3839,False,Shapps,E14001027,48972,17423,35.57747284162379
Chris Kelly,2010-06-10,3975,M,Dudley South,3452,True,Kelly,E14000672,38165,3856,10.103497969343639
Greg Clark,2010-06-10,1578,M,Tunbridge Wells,3813,False,Clark,E14001004,50320,15576,30.95389507154213
Karen Buck,2010-06-10,199,F,Westminster North,3849,True,Buck,E14001036,39598,2126,5.368958028183242
Mary Creagh,2010-06-10,1579,F,Wakefield,3821,False,Creagh,E14001009,44444,1613,3.6292862928629286
Desmond Swayne,2010-06-10,55,M,New Forest West,3622,True,Swayne,E14000828,47572,16896,35.516690490204326
Andrew Rosindell,2010-06-10,1447,M,Romford,3703,True,Rosindell,E14000900,46481,16954,36.47511886577311
Yvonne Fovargue,2010-06-10,4034,F,Makerfield,3594,True,Fovargue,E14000805,43771,12490,28.53487468872084
Helen Jones,2010-06-10,432,F,Warrington North,3829,False,Jones,E14001017,44211,6771,15.315193051503021
Martin Vickers,2010-06-10,3957,M,Cleethorpes,3419,True,Vickers,E14000643,44966,4298,9.558332962682917
Chris Grayling,2010-06-10,1413,M,Epsom and Ewell,3477,False,Grayling,E14000694,54955,16134,29.35856609953598
Gregg McClymont,2010-06-10,3949,M,"Cumbernauld, Kilsyth and Kirkintilloch East",804,True,McClymont,S14000012,41150,13755,33.42648845686513
Andrew Griffiths,2010-06-10,3936,M,Burton,3378,True,Griffiths,E14000610,49823,6304,12.652790879714187
Tracey Crouch,2010-06-10,3950,F,Chatham and Aylesford,3402,True,Crouch,E14000626,43807,6069,13.853950281918415
David Mowat,2010-06-10,4080,M,Warrington South,3830,True,Mowat,E14001018,54874,1553,2.8301199110689947
Louise Bagshawe,2010-06-10,3959,F,Corby,3426,True,Bagshawe,E14000648,54236,1895,3.4939892322442656
Teresa Pearce,2010-06-10,4003,F,Erith and Thamesmead,3479,True,Pearce,E14000696,42476,5703,13.42640549957623
Chris White,2010-06-10,4114,M,Warwick and Leamington,3831,True,White,E14001019,49032,3513,7.164708761625062
Justin Tomlinson,2010-06-10,4105,M,North Swindon,3650,True,Tomlinson,E14000851,50295,7060,14.03718063425788
Craig Whittaker,2010-06-10,3940,M,Calder Valley,3383,True,Whittaker,E14000614,51780,6431,12.419853225183468
Mary Macleod,2010-06-10,3927,F,Brentford and Isleworth,3360,True,Macleod,E14000593,53765,1958,3.6417743885427325
David Nuttall,2010-06-10,4140,M,Bury North,3379,True,Nuttall,E14000611,44961,2243,4.988768043415404
Marcus Jones,2010-06-10,4024,M,Nuneaton,3667,True,Jones,E14000868,44646,2069,4.634233749944004
George Hollingbery,2010-06-10,4016,M,Meon Valley,3600,True,Hollingbery,E14000811,51238,12125,23.664077442523126
Jessica Lee,2010-06-10,3993,F,Erewash,3478,True,Lee,E14000695,47642,2501,5.249569707401033
Joan Ruddock,2010-06-14,190,F,"Lewisham, Deptford",3577,False,Ruddock,E14000789,41220,12499,30.322658903444932
Richard Fuller,2010-06-14,3912,M,Bedford,3313,True,Fuller,E14000552,45102,1353,2.999866968205401
Steve Webb,2010-06-14,220,M,Thornbury and Yate,3802,False,Webb,E14000994,48226,7116,14.755526064778335
Jon Trickett,2010-06-14,410,M,Hemsworth,3526,True,Trickett,E14000740,43840,9844,22.454379562043798
Tom Blenkinsop,2010-06-14,4037,M,Middlesbrough South and East Cleveland,3611,True,Blenkinsop,E14000820,46214,1677,3.6287705024451467
Edward Timpson,2010-06-14,1605,M,Crewe and Nantwich,3431,True,Timpson,E14000653,51084,6046,11.835408347036253
Michael Dugher,2010-06-14,3916,M,Barnsley East,3303,True,Dugher,E14000542,38386,11090,28.890741416141303
Peter Tapsell,2010-06-14,348,M,Louth and Horncastle,3587,True,Tapsell,E14000798,50494,13871,27.47059056521567
George Freeman,2010-06-14,4020,M,Mid Norfolk,3606,True,Freeman,E14000816,50765,13856,27.29439574509997
George Mudie,2010-06-14,414,M,Leeds East,3566,True,Mudie,E14000778,37813,10293,27.220797080369184
Frank Doran,2010-06-14,570,M,Aberdeen North,14,True,Doran,S14000001,37701,8361,22.177130580090715
Alistair Burt,2010-06-14,1201,M,North East Bedfordshire,3640,False,Burt,E14000841,55552,18942,34.09778225806452
Stephen Williams,2010-06-14,1492,M,Bristol West,3370,True,Williams,E14000602,55347,11366,20.535891737582887
Stephen Phillips,2010-06-14,4054,M,Sleaford and North Hykeham,3732,True,Phillips,E14000929,59530,19905,33.43692256005376
Jeremy Browne,2010-06-14,1575,M,Taunton Deane,3796,False,Browne,E14000988,58150,3993,6.866723989681857
Henry Bellingham,2010-06-14,1441,M,North West Norfolk,3658,False,Bellingham,E14000859,47800,14810,30.98326359832636
Laura Sandys,2010-06-14,4094,F,South Thanet,3753,True,Sandys,E14000948,45933,7617,16.58284893214029
Alok Sharma,2010-06-14,4014,M,Reading West,3692,True,Sharma,E14000890,47530,6004,12.632021880917316
Jesse Norman,2010-06-14,3991,M,Hereford and South Herefordshire,3529,True,Norman,E14000743,48381,2481,5.12804613381286
Richard Benyon,2010-06-14,1547,M,Newbury,3624,False,Benyon,E14000830,58589,12248,20.904948027786784
Helen Grant,2010-06-15,4018,F,Maidstone and The Weald,3593,True,Grant,E14000804,48928,5889,12.036052975801177
Jonathan Djanogly,2010-06-15,1425,M,Huntingdon,3543,False,Djanogly,E14000757,54266,10819,19.93697711274094
Kenneth Clarke,2010-06-15,366,M,Rushcliffe,3711,False,Clarke,E14000908,53687,15811,29.450332482723933
Nick Herbert,2010-06-15,1479,M,Arundel and South Downs,3295,False,Herbert,E14000534,55982,16691,29.814940516594618
Esther McVey,2010-06-15,4084,F,Wirral West,3857,True,McVey,E14001044,39372,2436,6.187138067662298
Barbara Keeley,2010-06-15,1588,F,Worsley and Eccles South,3867,False,Keeley,E14001054,41701,4337,10.400230210306708
Gary Streeter,2010-06-15,234,M,South West Devon,3755,True,Streeter,E14000950,49860,15874,31.837144003208984
Laurence Robertson,2010-06-15,253,M,Tewkesbury,3798,True,Robertson,E14000990,53961,6310,11.693630585052167
George Howarth,2010-06-15,481,M,Knowsley,3562,True,Howarth,E14000775,44658,25686,57.51713018943975
Owen Paterson,2010-06-15,274,M,North Shropshire,3648,False,Paterson,E14000849,51869,15828,30.515336713643986
John  Randall,2010-06-15,209,M,Uxbridge and South Ruislip,3817,False,Randall,E14001007,45076,11216,24.882420800425948
David Hamilton,2010-06-15,1432,M,Midlothian,1977,True,Hamilton,S14000045,39242,10349,26.37225421742011
Lynne Featherstone,2010-06-15,1531,F,Hornsey and Wood Green,3538,False,Featherstone,E14000752,55042,6875,12.49046182914865
Keith Simpson,2010-06-15,126,M,Broadland,3371,True,Simpson,E14000603,52676,7292,13.84311640975017
James Paice,2010-06-15,124,M,South East Cambridgeshire,3742,False,Paice,E14000937,57602,5946,10.3225582445054
Jon Cruddas,2010-06-15,1406,M,Dagenham and Rainham,3436,True,Cruddas,E14000657,44232,2630,5.94592150479291
Michael Moore,2010-06-16,638,M,"Berwickshire, Roxburgh and Selkirk",216,False,Moore,S14000008,49014,5675,11.578324560329701
David Mundell,2010-06-16,1512,M,"Dumfriesshire, Clydesdale and Tweeddale",914,False,Mundell,S14000014,45892,4194,9.138847729451756
Alan Reid,2010-06-16,1385,M,Argyll and Bute,67,True,Reid,S14000005,45207,3431,7.5895325945097
Iain Stewart,2010-06-16,4015,M,Milton Keynes South,3613,True,Stewart,E14000822,55333,5201,9.3994542135796
Jim Murphy,2010-06-16,595,M,East Renfrewshire,994,False,Murphy,S14000021,51181,10420,20.359117641312206
Brian H. Donohoe,2010-06-16,586,M,Central Ayrshire,614,True,Donohoe,S14000010,43915,12007,27.34145508368439
Jim McGovern,2010-06-16,1515,M,Dundee West,927,True,McGovern,S14000016,37126,7278,19.603512363303345
Alan Haselhurst,2010-06-16,43,M,Saffron Walden,3713,True,Haselhurst,E14000910,54369,15242,28.034357814195587
Stuart Andrew,2010-06-16,4032,M,Pudsey,3688,True,Andrew,E14000886,49083,1659,3.379988998227492
Margaret Hodge,2010-06-16,140,F,Barking,3301,True,Hodge,E14000540,45343,16555,36.51059700505039
Graham Brady,2010-06-16,435,M,Altrincham and Sale West,3291,True,Brady,E14000532,49393,11595,23.474986334095924
David Simpson,2010-06-16,1597,M,Upper Bann,3816,False,Simpson,N06000017,41383,3361,8.121692482420318
Phillip Lee,2010-06-16,3921,M,Bracknell,3352,True,Lee,E14000586,52136,15704,30.121221420899186
Sharon Hodgson,2010-06-16,1521,F,Washington and Sunderland West,3832,False,Hodgson,E14001020,37334,11458,30.69052338351101
Brian Binley,2010-06-16,1550,M,Northampton South,3661,True,Binley,E14000862,38978,6004,15.403560983118684
Pat Glass,2010-06-16,4103,F,North West Durham,3655,True,Glass,E14000856,43815,7612,17.373045760584276
Stewart Jackson,2010-06-16,1551,M,Peterborough,3678,True,Jackson,E14000878,44927,4861,10.819774300531975
Alan Campbell,2010-06-16,529,M,Tynemouth,3815,False,Campbell,E14001006,52668,5739,10.896559580770107
Richard Bacon,2010-06-16,1451,M,South Norfolk,3746,True,Bacon,E14000941,54993,10940,19.893440983397888
Lee Scott,2010-06-16,1534,M,Ilford North,3545,True,Scott,E14000759,47018,5404,11.493470585733123
Philip Hammond,2010-06-17,105,M,Runnymede and Weybridge,3710,False,Hammond,E14000907,48150,16509,34.28660436137071
Mike Penning,2010-06-17,1528,M,Hemel Hempstead,3525,False,Penning,E14000739,49471,13406,27.098704291403042
Sadiq Khan,2010-06-17,1577,M,Tooting,3806,False,Khan,E14000998,50655,2524,4.982726285657882
Andrea Leadsom,2010-06-17,4117,F,South Northamptonshire,3747,True,Leadsom,E14000942,59890,20478,34.192686592085494
Julian Smith,2010-06-17,4118,M,Skipton and Ripon,3731,True,Smith,E14000928,54724,9950,18.182150427600323
Phil Woolas,2010-06-17,453,M,Oldham East and Saddleworth,3670,False,Woolas,E14000870,44520,103,0.23135669362084457
Ann Coffey,2010-06-17,458,F,Stockport,3774,True,Coffey,E14000969,39128,6784,17.337967695767738
Mark Hoban,2010-06-17,1414,M,Fareham,3482,False,Hoban,E14000699,54345,17092,31.450915447603272
Caroline Nokes,2010-06-17,4048,F,Romsey and Southampton North,3704,True,Nokes,E14000901,48939,4156,8.492204581213347
Jason McCartney,2010-06-17,3953,M,Colne Valley,3423,True,McCartney,E14000645,55296,4837,8.747468171296296
Jane Ellison,2010-06-17,3918,F,Battersea,3310,True,Ellison,E14000549,48792,5977,12.249959009673717
Mel Stride,2010-06-17,3935,M,Central Devon,3398,True,Stride,E14000623,53873,9230,17.132886603679022
Jake Berry,2010-06-17,4060,M,Rossendale and Darwen,3705,True,Berry,E14000902,47128,4493,9.53361059242913
James Wharton,2010-06-17,4123,M,Stockton South,3776,True,Wharton,E14000971,50284,332,0.6602497812425423
Anna Soubry,2010-06-17,3938,F,Broxtowe,3375,True,Soubry,E14000607,52727,389,0.7377624367022588
Diane Abbott,2010-06-17,172,F,Hackney North and Stoke Newington,3506,True,Abbott,E14000720,46461,14461,31.125029594713844
Jeremy Hunt,2010-06-21,1572,M,South West Surrey,3758,False,Hunt,E14000953,57259,16318,28.498576642973156
Ben Bradshaw,2010-06-21,230,M,Exeter,3481,False,Bradshaw,E14000698,52247,2721,5.20795452370471
John Penrose,2010-06-21,1584,M,Weston-Super-Mare,3851,False,Penrose,E14001038,52716,2691,5.104712041884817
Hugh Robertson,2010-06-21,1415,M,Faversham and Mid Kent,3483,False,Robertson,E14000700,46712,17088,36.58160643945882
Paul Farrelly,2010-06-21,1436,M,Newcastle-under-Lyme,3628,True,Farrelly,E14000834,43191,1552,3.5933412053437057
Stephen Hammond,2010-06-21,1585,M,Wimbledon,3853,True,Hammond,E14001040,47395,11408,24.070049583289375
Dai Havard,2010-06-21,1430,M,Merthyr Tydfil and Rhymney,3602,True,Havard,W07000071,32076,4056,12.644968200523756
Eric Joyce,2010-06-21,603,M,Falkirk,1115,False,Joyce,S14000028,50777,7843,15.445969631919965
David Crausby,2010-06-21,437,M,Bolton North East,3344,True,Crausby,E14000578,43277,4084,9.436883332948218
Mark Menzies,2010-06-21,3998,M,Fylde,3491,True,Menzies,E14000706,43690,13185,30.178530556191348
Eric Ollerenshaw,2010-06-21,4141,M,Lancaster and Fleetwood,3564,True,Ollerenshaw,E14000776,42701,333,0.7798412215170605
Oliver Colvile,2010-06-21,4022,M,"Plymouth, Sutton and Devonport",3680,True,Colvile,E14000880,43894,1149,2.617669840980544
Jack Lopresti,2010-06-21,3989,M,Filton and Bradley Stoke,3486,True,Lopresti,E14000702,48301,6914,14.314403428500444
Sheryll Murray,2010-06-21,4100,F,South East Cornwall,3743,True,Murray,E14000938,49617,3220,6.489711187697765
Steve Brine,2010-06-21,4067,M,Winchester,3854,True,Brine,E14001041,55955,3048,5.447234384773479
Rebecca Harris,2010-06-21,3948,F,Castle Point,3397,True,Harris,E14000622,45026,7632,16.95020654732821
Gerald Howarth,2010-06-21,47,M,Aldershot,3289,False,Howarth,E14000530,45384,5586,12.30830248545743
Nick Harvey,2010-06-21,231,M,North Devon,3636,False,Harvey,E14000838,51321,5821,11.342335496190643
Daniel Poulter,2010-06-22,3932,M,Central Suffolk and North Ipswich,3399,True,Poulter,E14000624,53420,13786,25.806813927368026
Chris Ruane,2010-06-22,534,M,Vale of Clwyd,3818,True,Ruane,W07000060,35534,2509,7.060843136151291
Edward Garnier,2010-06-22,337,M,Harborough,3514,False,Garnier,E14000728,54945,9797,17.83055783055783
Karl Turner,2010-06-22,4030,M,Kingston upon Hull East,3558,True,Turner,E14000771,34184,8597,25.149192604727354
Jessica Morden,2010-06-22,1548,F,Newport East,3629,True,Morden,W07000055,34448,1650,4.789828146771946
Simon Reevell,2010-06-22,3978,M,Dewsbury,3446,True,Reevell,E14000666,54008,1526,2.8255073322470747
Austin Mitchell,2010-06-22,372,M,Great Grimsby,3502,True,Mitchell,E14000716,32954,714,2.1666565515567155
Lyn Brown,2010-06-22,1583,F,West Ham,3844,True,Brown,E14001032,46951,22534,47.99471789738238
Sam Gyimah,2010-06-22,3980,M,East Surrey,3464,True,Gyimah,E14000681,54640,16874,30.882137628111273
Mike Weir,2010-06-22,1384,M,Angus,59,False,Weir,S14000004,37960,3282,8.645943097997892
David Jones,2010-06-23,1502,M,Clwyd West,3421,False,Jones,W07000059,38111,6419,16.84290624754008
Cheryl Gillan,2010-06-23,18,F,Chesham and Amersham,3407,False,Gillan,E14000631,52444,16710,31.86255815727252
Peter Hain,2010-06-23,567,M,Neath,3620,False,Hain,W07000069,37122,9775,26.332094175960346
Pamela Nash,2010-06-23,3909,F,Airdrie and Shotts,36,True,Nash,S14000003,35849,12408,34.61184412396441
Graham Evans,2010-06-23,4081,M,Weaver Vale,3836,True,Evans,E14001024,43990,991,2.252784723800864
Andrew Jones,2010-06-23,3996,M,Harrogate and Knaresborough,3516,True,Jones,E14000730,53134,1039,1.9554334324537963
John Stevenson,2010-06-23,3942,M,Carlisle,3393,True,Stevenson,E14000620,42200,853,2.0213270142180098
Angela Watkinson,2010-06-23,1462,F,Hornchurch and Upminster,3537,False,Watkinson,E14000751,53390,16371,30.663045514141224
Mark Francois,2010-06-23,1444,M,Rayleigh and Wickford,3690,False,Francois,E14000888,52343,22338,42.67619356934069
Paul Burstow,2010-06-23,204,M,Sutton and Cheam,3790,False,Burstow,E14000984,48508,1608,3.314917127071823
James Brokenshire,2010-06-23,1530,M,Old Bexley and Sidcup,3669,False,Brokenshire,E14000869,45492,15857,34.856678097247865
Richard Drax,2010-06-24,4132,M,South Dorset,3740,True,Drax,E14000936,50310,7443,14.794275491949909
George Eustice,2010-06-24,3934,M,Camborne and Redruth,3385,True,Eustice,E14000616,42493,66,0.1553196997152472
John McDonnell,2010-06-24,178,M,Hayes and Harlington,3523,True,McDonnell,E14000737,42637,10824,25.386401482280647
Jackie Doyle-Price,2010-06-28,4065,F,Thurrock,3803,True,Doyle-Price,E14000995,45821,92,0.20078130115012768
Rehman Chishti,2010-06-28,3987,M,Gillingham and Rainham,3496,True,Chishti,E14000711,46786,8680,18.552558457658275
Eric Illsley,2010-06-28,386,M,Barnsley Central,3302,True,Illsley,E14000541,37001,11093,29.9802708034918
Paul Beresford,2010-06-29,103,M,Mole Valley,3615,True,Beresford,E14000824,54324,15653,28.814152124291287
Mary Glindon,2010-06-29,4126,F,North Tyneside,3652,True,Glindon,E14000853,46405,12884,27.76424954207521
Paul Uppal,2010-06-29,4078,M,Wolverhampton South West,3864,True,Uppal,E14001051,40160,691,1.720617529880478
Hugo Swire,2010-06-30,1408,M,East Devon,3460,False,Swire,E14000678,53092,9114,17.1664280870941
Shaun Woodward,2010-06-30,98,M,St Helens South and Whiston,3768,False,Woodward,E14000963,46081,14122,30.646036327336645
Alasdair McDonnell,2010-06-30,1596,M,Belfast South,3316,False,McDonnell,N06000003,34186,5926,17.334581407593753
Gordon Banks,2010-06-30,1589,M,Ochil and South Perthshire,2234,True,Banks,S14000050,50469,5187,10.277596148130536
Graham Jones,2010-06-30,3999,M,Hyndburn,3544,True,Jones,E14000758,42672,3090,7.241282339707536
Gregory Barker,2010-06-30,1389,M,Bexhill and Battle,3322,False,Barker,E14000557,54587,12880,23.595361532965725
Tessa Munt,2010-06-30,4089,F,Wells,3838,True,Munt,E14001026,55864,800,1.43204926249463
Charles Kennedy,2010-07-01,634,M,"Ross, Skye and Lochaber",2456,True,Kennedy,S14000055,34838,13070,37.5165049658419
Oliver Heald,2010-07-01,69,M,North East Hertfordshire,3644,True,Heald,E14000845,50425,15194,30.13187902825979
Stephen McPartland,2010-07-01,4093,M,Stevenage,3773,True,McPartland,E14000968,44651,3578,8.013258381671182
Simon Danczuk,2010-07-01,4059,M,Rochdale,3700,True,Danczuk,E14000897,45907,889,1.9365238416799182
Peter Luff,2010-07-05,268,M,Mid Worcestershire,3609,False,Luff,E14000818,50931,15864,31.14802379690169
Andrew Robathan,2010-07-05,334,M,South Leicestershire,3745,False,Robathan,E14000940,54577,15524,28.44421642816571
Ben Gummer,2010-07-05,3988,M,Ipswich,3547,True,Gummer,E14000761,46941,2079,4.428964018661724
Linda Riordan,2010-07-06,1525,F,Halifax,3509,True,Riordan,E14000723,43555,1472,3.3796349443232696
Daniel Kawczynski,2010-07-06,1566,M,Shrewsbury and Atcham,3729,True,Kawczynski,E14000926,53045,7944,14.975963804317088
Stephen Timms,2010-07-06,163,M,East Ham,3461,False,Timms,E14000679,50373,27826,55.23991026939035
Stephen Barclay,2010-07-06,4095,M,North East Cambridgeshire,3641,True,Barclay,E14000842,52064,16425,31.547710510141364
Patrick McLoughlin,2010-07-06,333,M,Derbyshire Dales,3444,False,McLoughlin,E14000664,46780,13866,29.640872167592992
Adam Afriyie,2010-07-08,1586,M,Windsor,3855,True,Afriyie,E14001042,49588,19054,38.42461885940146
Alan Keen,2010-07-12,169,M,Feltham and Heston,3484,True,Keen,E14000701,48536,4658,9.597000164826108
Karl McCartney,2010-07-12,4028,M,Lincoln,3580,True,McCartney,E14000792,45721,1058,2.3140351260908556
Ian Liddell-Grainger,2010-07-13,1396,M,Bridgwater and West Somerset,3363,True,Liddell-Grainger,E14000595,54493,9249,16.97282219734645
Geoffrey Cox,2010-07-14,1508,M,Torridge and West Devon,3809,True,Cox,E14001000,55257,2957,5.351358198961218
Mark Hendrick,2010-07-15,473,M,Preston,3687,True,Hendrick,E14000885,32505,7733,23.790186125211505
Glyn Davies,2010-07-20,4041,M,Montgomeryshire,3617,True,Davies,W07000063,33813,1184,3.501611806110076
Alistair Carmichael,2010-07-20,1442,M,Orkney and Shetland,2256,False,Carmichael,S14000051,19346,9928,51.31810193321616
Rosie Cooper,2010-07-20,1538,F,West Lancashire,3845,True,Cooper,E14001033,48473,4343,8.959627008850287
Mark Simmonds,2010-07-20,1393,M,Boston and Skegness,3348,True,Simmonds,E14000582,43125,12426,28.813913043478262
Nicholas Brown,2010-07-21,523,M,Newcastle upon Tyne East,3626,False,Brown,E14000832,37840,4453,11.767970401691331
Priti Patel,2010-07-21,4066,F,Witham,3858,True,Patel,E14001045,46835,15196,32.44582043343654
Fabian Hamilton,2010-07-22,415,M,Leeds North East,3567,True,Hamilton,E14000779,47535,4545,9.561375828337015
Graeme Morrice,2010-07-27,4012,M,Livingston,1826,True,Morrice,S14000044,47907,10791,22.52489197820778
Margaret Beckett,2010-09-06,328,F,Derby South,3443,True,Beckett,E14000663,41188,6122,14.8635524910168
Roger Godsiff,2010-09-06,304,M,"Birmingham, Hall Green",3327,True,Godsiff,E14000562,48727,3799,7.796498861001087
Jim Dowd,2010-09-06,189,M,Lewisham West and Penge,3576,True,Dowd,E14000788,45028,5828,12.943057653015902
Sylvia Hermon,2010-09-14,1437,F,North Down,3638,True,Hermon,N06000013,33481,14364,42.90194438636839
David Ruffley,2010-10-12,133,M,Bury St Edmunds,3381,True,Ruffley,E14000613,58718,12380,21.083824380939404
Jeremy Wright,2010-10-13,1560,M,Kenilworth and Southam,3554,False,Wright,E14000767,48431,12552,25.917284383968948
Jenny Willott,2010-10-14,1497,F,Cardiff Central,3389,True,Willott,W07000050,36151,4576,12.658017758844844
Bill Wiggin,2010-10-25,1428,M,North Herefordshire,3646,False,Wiggin,E14000847,47568,9887,20.784981500168183
Jim Hood,2010-10-27,582,M,Lanark and Hamilton East,1678,True,Hood,S14000042,46554,13478,28.951325342612876
Roger Gale,2010-10-27,87,M,North Thanet,3651,True,Gale,E14000852,43343,13528,31.211498973305957
Jonathan Lord,2010-10-27,4090,M,Woking,3860,True,Lord,E14001047,52786,6807,12.89546470655098
Diana Johnson,2010-11-01,1533,F,Kingston upon Hull North,3559,False,Johnson,E14000772,33291,641,1.9254453155507494
Hywel Francis,2010-11-01,1382,M,Aberavon,3287,True,Francis,W07000049,30958,11039,35.6579882421345
Gordon Brown,2010-11-01,591,M,Kirkcaldy and Cowdenbeath,1661,True,Brown,S14000041,45802,23009,50.23579756342518
Alan Meale,2010-11-16,361,M,Mansfield,3599,True,Meale,E14000810,48395,6012,12.422770947411923
Martin Caton,2010-11-16,566,M,Gower,3499,True,Caton,W07000046,41671,2683,6.438530392839145
Siân C. James,2010-11-24,1573,F,Swansea East,3792,True,James,W07000048,32676,10838,33.16807442771453
David Heyes,2010-11-30,1386,M,Ashton-under-Lyne,3298,True,Heyes,E14000537,38432,9094,23.662572855953375
Mike Wood,2010-11-30,401,M,Batley and Spen,3309,True,Wood,E14000548,51109,4406,8.62079085875286
Tim Yeo,2010-12-03,136,M,South Suffolk,3751,True,Yeo,E14000946,51416,8689,16.899408744359732
James Duddridge,2010-12-03,1559,M,Rochford and Southend East,3702,False,Duddridge,E14000899,41631,11050,26.5427205688069
Stephen Crabb,2010-12-21,1554,M,Preseli Pembrokeshire,3686,False,Crabb,W07000065,39602,4605,11.6282005959295
Robert Goodwill,2010-12-21,1562,M,Scarborough and Whitby,3716,False,Goodwill,E14000913,49282,8130,16.49689541820543
Debbie Abrahams,2011-01-25,4212,F,Oldham East and Saddleworth,3670,True,Abrahams,E14000870,34930,3558,10.18608645863155
Khalid Mahmood,2011-02-09,1392,M,"Birmingham, Perry Barr",3331,True,Mahmood,E14000566,42045,11908,28.32203591390177
Dan Jarvis,2011-03-23,4243,M,Barnsley Central,3302,True,Jarvis,E14000541,24219,11771,48.602337008134114
Shailesh Vara,2011-03-29,1496,M,North West Cambridgeshire,3654,False,Vara,E14000855,58283,16677,28.613832506905958
Diana Johnson,2010-06-07,1533,F,Kingston upon Hull North,3559,False,Johnson,E14000772,33291,641,1.9254453155507494
Grahame Morris,2010-05-27,3973,M,Easington,3458,True,Morris,E14000677,34914,14982,42.911153119092624
Gareth Thomas,2011-04-05,177,M,Harrow West,3518,False,Thomas,E14000732,46116,3143,6.815421979356405
Joe Benton,2011-04-26,479,M,Bootle,3347,True,Benton,E14000581,41277,21181,51.31429125178671
Jeffrey M. Donaldson,2011-05-03,650,M,Lagan Valley,3563,False,Donaldson,N06000009,36540,10486,28.697318007662837
Jon Ashworth,2011-06-08,4244,M,Leicester South,3571,True,Ashworth,E14000783,34180,12078,35.33645406670568
Iain McKenzie,2011-07-14,4246,M,Inverclyde,1555,True,McKenzie,S14000038,28097,5838,20.778019005587787
Brooks Newmark,2011-07-19,1488,M,Braintree,3356,False,Newmark,E14000590,49203,16121,32.76426234172713
Chloe Smith,2011-10-18,1609,F,Norwich North,3662,False,Smith,E14000863,42573,3901,9.16308458412609
Philip Dunne,2011-12-20,1542,M,Ludlow,3588,False,Dunne,E14000799,48732,9749,20.00533530329147
Mark Hunter,2011-12-20,1598,M,Cheadle,3403,False,Hunter,E14000627,52512,3272,6.230956733698964
Norman Lamb,2011-12-20,1439,M,North Norfolk,3647,False,Lamb,E14000848,49661,11626,23.410724713557922
Seema Malhotra,2012-01-10,4253,F,Feltham and Heston,3484,True,Malhotra,E14000701,23299,6203,26.62346023434482
Michael Fabricant,2012-03-06,280,M,Lichfield,3579,False,Fabricant,E14000791,51563,17683,34.29397048271047
George Galloway,2012-04-18,609,M,Bradford West,3355,True,Galloway,E14000589,32814,10140,30.90144450539404
Stephen Doughty,2012-11-20,4264,M,Cardiff South and Penarth,3391,True,Doughty,W07000080,19436,5334,27.44391850174933
Lucy Powell,2012-11-22,4263,F,Manchester Central,3596,True,Powell,E14000807,16648,9936,59.6828447861605
Andy Sawford,2012-11-22,4265,M,Corby,3426,True,Sawford,E14000648,35665,7791,21.84494602551521
Steve Reed,2012-12-04,4268,M,Croydon North,3433,True,Reed,E14000655,24562,11755,47.85848057975735
Andy McDonald,2012-12-06,4269,M,Middlesbrough,3610,True,McDonald,E14000819,16866,8211,48.683742440412665
Sarah Champion,2012-12-11,4267,F,Rotherham,3707,True,Champion,E14000904,21430,5318,24.81567895473635
Mike Thornton,2013-03-11,4273,M,Eastleigh,3468,True,Thornton,E14000685,41616,1771,4.25557477893118
Emma Lewell-Buck,2013-06-19,4277,F,South Shields,3749,True,Lewell-Buck,E14000944,24780,6505,26.251008878127525
Mike Kane,2014-02-25,4316,M,Wythenshawe and Sale East,3873,True,Kane,E14001059,23961,8960,37.394098743792
Robert Jenrick,2014-06-18,4320,M,Newark,3623,True,Jenrick,E14000829,38707,7403,19.125739530317514
Liz McInnes,2014-10-23,4342,F,Heywood and Middleton,3533,True,McInnes,E14000747,28472,617,2.1670413037370047
Matthew Hancock,2014-12-04,4070,M,West Suffolk,3846,False,Hancock,E14001034,48089,13050,27.137183139595333
